,Unnamed: 0,name,latitude,longitude,timestamp,free_bikes,empty_slots,renting,returning,ebikes,station_id,Bar,Bar/Restaurant,Other,Park,Restaurant
0,0,Summerhill Ave / Maclennan Ave,43.685924,-79.376304,2025-07-29,3,5,1,1,0,0,0,0,1,9,0
1,1,Queen St E / Joseph Duggan Rd,43.6677628,-79.30811709999999,2025-07-29,10,9,1,1,1,1,1,0,0,5,4
2,2,Victoria Park Ave / Danforth Ave,43.691468,-79.288619,2025-07-29,2,16,1,1,0,2,0,0,2,0,8
3,3,Navy Wharf Crt / Bremner Blvd,43.640722,-79.391051,2025-07-29,2,4,1,1,0,3,1,3,1,2,3
4,4,420 Wellington St W,43.643834,-79.396649,2025-07-29,4,9,1,1,0,4,1,1,1,1,6
5,5,Sentinel Rd / Finch Ave W,43.76073963892478,-79.5000273116394,2025-07-29,11,2,1,1,0,5,0,0,1,1,8
6,6,Ross St / Cecil St - SMART,43.6568254,-79.3966159,2025-07-29,0,16,1,1,0,6,1,2,0,1,6
7,7,York University Station (North),43.7741,-79.5005,2025-07-29,2,11,1,1,0,7,1,0,0,0,9
8,8,Dundas St W / Yonge St,43.656094,-79.381484,2025-07-29,1,30,1,1,0,8,1,0,0,0,9
9,9,Euclid Ave / Herrick St - SMART,43.661559,-79.413845,2025-07-29,4,10,1,1,2,9,1,1,0,1,7
10,10,Wellesley St W / Queen's Park Cres,43.663376,-79.392125,2025-07-29,0,15,1,1,0,10,2,0,0,2,6
11,11,Jane St / Sheppard Ave W,43.73901341370186,-79.51286317927207,2025-07-29,18,0,1,1,0,11,0,1,0,0,9
12,12,144 Harrison St,43.651145,-79.423742,2025-07-29,24,5,1,1,7,12,2,0,2,0,6
13,13,Wellington St W / Bay St,43.647259,-79.379878,2025-07-29,1,52,1,1,0,13,4,0,0,2,4
14,14,Sunnyside Ave / The Queensway - SMART,43.6397,-79.44865,2025-07-29,18,0,1,1,0,14,1,0,1,3,5
15,15,161 Bleecker St (South of Wellesley),43.666233,-79.373327,2025-07-29,4,19,1,1,0,15,4,0,0,0,6
16,16,Lawrence Ave W / Renfield St,43.70402998554811,-79.4988335075738,2025-07-29,0,11,1,1,0,16,0,0,2,0,8
17,17,Bay St / Scollard St,43.672152,-79.39018,2025-07-29,0,14,1,1,0,17,1,0,0,2,7
18,18,Pape Ave / Gamble Ave,43.690237,-79.350119,2025-07-29,14,4,1,1,0,18,0,0,0,0,10
19,19,Parkway Forest Dr / Forest Manor Rd (South),43.769529687223894,-79.34338171403495,2025-07-29,4,12,1,1,0,19,0,0,1,2,7
20,20,Queen St E / Hammersmith Ave,43.671349,-79.29451,2025-07-29,9,2,1,1,0,20,0,0,0,4,6
21,21,Walnut Ave / Queen St W,43.645469,-79.411084,2025-07-29,9,5,1,1,0,21,2,1,2,3,2
22,22,Queen St E / Pape Ave - SMART,43.661673,-79.337789,2025-07-29,16,0,1,1,0,22,0,1,0,0,9
23,23,Tecumseth St / Tecumseth Pl,43.642697996199985,-79.4049993694586,2025-07-29,8,2,1,1,0,23,1,2,2,3,2
24,24,Davenport Rd / Lansdowne Ave,43.671526,-79.44874,2025-07-29,1,16,1,1,1,24,0,0,1,2,7
25,25,Eastwood Rd / Coxwell Ave,43.673118,-79.318651,2025-07-29,16,3,1,1,1,25,2,0,0,1,7
26,26,Fenwood Ht / Kingston Rd,43.72690169821676,-79.22920396582664,2025-07-29,9,4,1,1,2,26,0,0,0,1,9
27,27,Rouge Hill GO Station,43.7805505,-79.1301203,2025-07-29,2,16,1,1,0,27,0,0,0,3,5
28,28,Lundy Ave / Étienne Brûlé Park,43.6625395,-79.5030161,2025-07-29,3,10,1,1,0,28,0,0,1,1,8
29,29,Bremner Blvd / Rees St,43.641529,-79.386741,2025-07-29,0,44,1,1,0,29,0,3,1,3,3
30,30,Willowdale Ave / Bishop Ave ,43.78387252467251,-79.40786809814757,2025-07-29,1,18,1,1,0,30,0,0,0,0,10
31,31,Plaxton Dr / St. Clair Ave E,43.70751755961952,-79.30252066313936,2025-07-29,9,5,1,1,1,31,2,0,0,0,8
32,32,Front St W / University Ave (2),43.6452972,-79.3827914,2025-07-29,1,14,1,1,0,32,2,2,1,1,4
33,33,Jarvis St / Richmond St E,43.652777,-79.372637,2025-07-29,16,1,1,1,0,33,1,1,0,3,5
34,34,Mortimer Ave / Coxwell Ave,43.690564,-79.326319,2025-07-29,14,7,1,1,1,34,1,0,0,0,9
35,35,Dundas St E / River St,43.661152,-79.358505,2025-07-29,18,0,1,1,0,35,1,0,0,3,6
36,36,St. Clair Ave W / Symes Rd,43.670042134416704,-79.4789424818056,2025-07-29,3,10,1,1,2,36,2,0,1,0,7
37,37,Yarmouth Rd / Christie St,43.67,-79.42083333333333,2025-07-29,5,3,1,1,1,37,1,3,0,1,5
38,38,Dufferin Gate - SMART,43.633473,-79.425679,2025-07-29,9,6,1,1,0,38,1,1,0,1,7
39,39,Symington Ave / Davenport Rd,43.6704403,-79.45328549999999,2025-07-29,1,13,1,1,0,39,0,0,0,3,7
40,40,Niagara St / King St W - SMART,43.64281323408372,-79.40751415588915,2025-07-29,15,8,1,1,0,40,1,1,2,4,2
41,41,Madison Ave / Bloor St W,43.66701830465472,-79.4027958687172,2025-07-29,2,11,1,1,1,41,2,1,0,3,4
42,42,Kingston Rd / Scarborough Golf Club Rd,43.74531103700256,-79.20970650787817,2025-07-29,0,14,1,1,0,42,1,0,3,0,6
43,43,Harbord St / Grace St (Bickford Park),43.65995363518053,-79.41787388888551,2025-07-29,10,13,1,1,0,43,2,1,0,1,6
44,44,Alvin Ave / St. Clair Ave E,43.68871,-79.39264,2025-07-29,0,18,1,1,0,44,0,0,0,2,8
45,45,385 Pacific Ave,43.6651094724602,-79.46833581423087,2025-07-29,0,23,1,1,0,45,1,0,2,1,6
46,46,Chorley Park - SMART,43.6856,-79.3718,2025-07-29,9,10,1,1,3,46,0,0,1,7,2
47,47,Martin Goodman Trail (Marilyn Bell Park),43.6314,-79.4304,2025-07-29,2,27,1,1,0,47,1,0,2,2,5
48,48,Yonge St / Davisville Ave,43.6975969,-79.39654,2025-07-29,2,13,1,1,2,48,1,0,0,2,7
49,49,Berry Rd / Bell Manor Dr,43.63732,-79.489083,2025-07-29,17,1,1,1,1,49,0,0,0,6,4
50,50,Adelaide St W / York St ,43.6491919790139,-79.38363237427446,2025-07-29,2,17,1,1,0,50,4,0,0,0,6
51,51,Lake Shore Blvd W / Ontario Dr,43.630254,-79.420317,2025-07-29,1,26,1,1,0,51,1,2,0,3,4
52,52,St Clarens Ave / Shirley St,43.6486599,-79.4376413,2025-07-29,0,14,1,1,0,52,0,0,1,3,6
53,53,Wolseley St / Augusta Ave,43.6484201,-79.40051919999999,2025-07-29,14,10,1,1,0,53,0,1,3,0,6
54,54,Cumberland St / Bay St -  SMART,43.6704537,-79.39014,2025-07-29,1,8,1,1,0,54,2,0,0,2,6
55,55,Overlea Blvd / Thorncliffe Park Dr,43.707555968595464,-79.34272024477463,2025-07-29,0,18,1,1,0,55,0,0,0,1,9
56,56,Kempford Blvd / Yonge St,43.776857235099826,-79.4151161430729,2025-07-29,2,17,1,1,0,56,0,1,0,1,8
57,57,Bay St / Albert St,43.653264,-79.382458,2025-07-29,1,58,1,1,0,57,3,0,0,0,7
58,58,Jack Layton Ferry Terminal,43.64103161936887,-79.37670442726134,2025-07-29,1,22,1,1,1,58,1,0,0,2,7
59,59,High Park Outdoor Pool,43.650154,-79.464934,2025-07-29,0,26,1,1,0,59,0,0,2,7,1
60,60,800 Fleet St (South),43.63670985212708,-79.40880517790985,2025-07-29,19,17,1,1,15,60,0,1,1,7,1
61,61,McCowan Rd / Trudelle St,43.74033901575211,-79.23935319629516,2025-07-29,7,11,1,1,1,61,0,0,0,0,10
62,62,Queens Quay W / Dan Leckie Way,43.636533,-79.395854,2025-07-29,21,2,1,1,0,62,0,1,0,6,3
63,63,Roehampton Ave / Mount Pleasant Rd,43.70942,-79.39139,2025-07-29,7,10,1,1,2,63,1,0,0,1,8
64,64,Niagara St / Tecumseth St,43.641389,-79.404444,2025-07-29,8,6,1,1,1,64,1,2,0,4,3
65,65,Uno Dr / The Queensway,43.62649329992186,-79.50358167641535,2025-07-29,7,6,1,1,2,65,0,0,1,0,9
66,66,Oakdale Community Centre,43.74751496038769,-79.5132569853195,2025-07-29,12,1,1,1,0,66,0,0,1,1,8
67,67,Trinity St /Front St E,43.651318,-79.36023,2025-07-29,15,1,1,1,0,67,1,0,0,3,6
68,68,Finch Ave E / Upper Don Recreational Trail ,43.78893788312306,-79.37488868750592,2025-07-29,11,0,1,1,0,68,0,0,1,0,9
69,69,Sheppard Ave E / Brian Dr,43.7751833232896,-79.33044338101735,2025-07-29,5,12,1,1,1,69,0,0,0,0,10
70,70,Sheppard Ave W / Chesswood Dr,43.755583971122874,-79.47446032684479,2025-07-29,1,18,1,1,0,70,0,0,0,0,10
71,71,Bellwoods Ave / Treford Pl - SMART,43.65246,-79.413528,2025-07-29,18,2,1,1,0,71,3,0,0,1,6
72,72,Swansea Community Centre,43.6438036,-79.4770327,2025-07-29,4,10,1,1,0,72,2,0,0,1,7
73,73,The Queensway / High St,43.630874,-79.482407,2025-07-29,16,7,1,1,0,73,0,0,2,2,6
74,74,Esther Shiner Stadium,43.7774374,-79.4447096,2025-07-29,8,14,1,1,1,74,0,0,0,2,8
75,75,Rogers Rd / Watt Ave,43.68233679999999,-79.4680594,2025-07-29,0,15,1,1,0,75,0,0,1,0,9
76,76,College Park - Gerrard Entrance,43.658938,-79.383518,2025-07-29,4,20,1,1,0,76,2,0,0,0,8
77,77,Carlton St / Parliament St,43.664524,-79.36793,2025-07-29,17,7,1,1,2,77,3,0,0,1,6
78,78,Avenue Rd / Oxton Ave ,43.69711160305226,-79.40537298227844,2025-07-29,2,13,1,1,1,78,2,0,0,1,7
79,79,Hanna Ave / Snooker St,43.639547,-79.420022,2025-07-29,7,8,1,1,0,79,2,1,1,0,6
80,80,Queen St W / John St,43.650077,-79.391291,2025-07-29,0,19,1,1,0,80,2,1,1,1,5
81,81,Glen Edyth Dr / Davenport Rd,43.677778,-79.405556,2025-07-29,2,12,1,1,0,81,0,1,0,2,7
82,82,Eglinton Ave W / Gilbert Ave,43.69254716689966,-79.46332759272917,2025-07-29,0,19,1,1,0,82,1,0,2,1,6
83,83,St. Joseph St / Bay St - SMART,43.6658804,-79.38761010000002,2025-07-29,5,13,1,1,0,83,1,0,0,2,7
84,84,Jarvis St / Isabella St,43.668991,-79.379385,2025-07-29,4,17,1,1,1,84,3,0,2,1,4
85,85,Jane St / Yorkwoods Gt,43.7503016975738,-79.51577557434386,2025-07-29,11,4,1,1,0,85,0,0,1,0,9
86,86,Bay St / College St (East Side),43.660439,-79.385525,2025-07-29,3,23,1,1,0,86,3,0,0,0,7
87,87,Richmond St W / York St,43.650745,-79.383633,2025-07-29,0,15,1,1,0,87,4,0,0,0,6
88,88,Roncesvalles Ave / Marmaduke St,43.650492,-79.450842,2025-07-29,2,16,1,1,1,88,2,0,0,1,7
89,89,Bay St / Bloor St W (West Side),43.669244,-79.3894,2025-07-29,0,19,1,1,0,89,2,0,0,2,6
90,90,Queen St W / Spadina Ave,43.649147,-79.395504,2025-07-29,0,8,1,1,0,90,1,0,2,0,7
91,91,Davenport Rd / Avenue Rd,43.674991,-79.396273,2025-07-29,2,6,1,1,0,91,1,0,0,1,8
92,92,King St W / Jameson Ave - SMART,43.63735795888104,-79.43617975886079,2025-07-29,6,3,1,1,1,92,0,0,1,2,7
93,93,Queen's Park Cres W / Hoskin Ave,43.665221,-79.394009,2025-07-29,0,19,1,1,0,93,1,0,0,2,7
94,94,Edward St / Yonge St,43.656729,-79.382736,2025-07-29,6,15,1,1,0,94,1,0,0,0,9
95,95,16 Riverview Gardens ,43.64883712159794,-79.48675294250663,2025-07-29,23,4,1,1,21,95,2,1,0,0,7
96,96,Queen's Park / Bloor St W,43.668456,-79.393899,2025-07-29,0,21,1,1,0,96,1,2,0,2,5
97,97,Parkside Dr / Bloor St W - SMART,43.654501,-79.460053,2025-07-29,10,0,1,1,1,97,1,0,1,3,5
98,98,Shaw St / King St W,43.6412561641921,-79.41502994047545,2025-07-29,14,0,1,1,0,98,0,0,2,2,6
99,99,Kilgour Rd / Rumsey Rd,43.718039,-79.371914,2025-07-29,4,12,1,1,1,99,0,0,0,3,7
100,100,Castle Frank Subway Station,43.67418030086386,-79.36795839711793,2025-07-29,3,11,1,1,1,100,0,1,1,1,7
101,101,Spadina Ave / Blue Jays Way,43.641705,-79.393295,2025-07-29,15,10,1,1,0,101,1,1,0,3,5
102,102,Glendonwynne Rd / Bloor St W,43.65182,-79.47421,2025-07-29,3,16,1,1,2,102,2,0,0,2,6
103,103,Superior Ave / Lake Shore Blvd W,43.6146692,-79.4873148,2025-07-29,15,0,1,1,0,103,0,0,0,2,8
104,104,2700 Eglinton Ave W,43.69074600637147,-79.47820143344333,2025-07-29,36,0,1,1,36,104,1,0,0,1,8
105,105,Wendover Rd / Bloor St W (Green P),43.6492,-79.50601999999999,2025-07-29,1,14,1,1,0,105,1,0,0,0,9
106,106,75 Holly St,43.7063279,-79.3962499,2025-07-29,6,14,1,1,6,106,0,0,0,1,9
107,107,Starspray Blvd / Lawrence Ave E,43.788525214554085,-79.1231844760227,2025-07-29,9,2,1,1,0,107,0,0,1,3,1
108,108,The Pond Rd / Shoreham Dr,43.772445,-79.511912,2025-07-29,2,11,1,1,0,108,4,0,1,0,5
109,109,Adelaide St W / Yonge St,43.65038002325664,-79.3787277120385,2025-07-29,0,18,1,1,0,109,3,1,0,2,4
110,110,Lynn Williams St / East Liberty St,43.638925,-79.4168659,2025-07-29,14,0,1,1,1,110,0,1,2,2,5
111,111,Roding St / Nash Dr,43.72885964584396,-79.49202997658232,2025-07-29,7,7,1,1,0,111,0,0,1,0,9
112,112,King St E / Berkeley St,43.651885,-79.3649,2025-07-29,17,13,1,1,0,112,0,1,1,1,7
113,113,Royal York Rd / Mimico Ave,43.612063,-79.496573,2025-07-29,17,1,1,1,0,113,0,0,0,1,9
114,114,King St W / Charlotte St,43.645572,-79.39399,2025-07-29,12,9,1,1,1,114,1,1,1,0,7
115,115,Russell Hill Rd / St. Clair Ave W,43.685569,-79.408019,2025-07-29,0,17,1,1,0,115,0,1,1,2,6
116,116,Harbord St / Clinton St,43.660414,-79.415646,2025-07-29,9,6,1,1,1,116,2,1,0,1,6
117,117,Jameson Ave / Queen St W,43.63985,-79.43703,2025-07-29,19,7,1,1,1,117,0,0,2,1,7
118,118,High Park - Grenadier Cafe,43.645599,-79.4657123,2025-07-29,3,6,1,1,1,118,0,0,1,6,3
119,119,High Park Amphitheatre,43.646251,-79.46472,2025-07-29,4,19,1,1,2,119,0,0,1,6,3
120,120,Gothic Ave / Quebec Ave,43.65389,-79.4675,2025-07-29,3,14,1,1,1,120,1,0,2,4,3
121,121,111 Bond St (North of Dundas St E)  - SMART,43.656927,-79.378497,2025-07-29,2,12,1,1,0,121,1,0,0,0,9
122,122,Grantbrook St / Finch Hydro Corridor Trail,43.780468305361154,-79.43280415488479,2025-07-29,0,14,1,1,0,122,1,0,0,4,3
123,123,Wright Ave / Sorauren Ave - SMART,43.646677,-79.442741,2025-07-29,8,6,1,1,0,123,1,0,1,2,6
124,124,College St / Borden St,43.6571,-79.4056,2025-07-29,2,7,1,1,0,124,0,0,1,0,9
125,125,Coxwell Ave / Plains Rd,43.69595,-79.328535,2025-07-29,16,3,1,1,0,125,0,0,0,1,9
126,126,Lower Simcoe St / Bremner Blvd,43.64283,-79.38409,2025-07-29,1,12,1,1,0,126,1,2,1,3,3
127,127,Glen Long Community Centre,43.70820992643782,-79.45627808717194,2025-07-29,0,15,1,1,0,127,0,0,0,0,10
128,128,Taddle Creek Park,43.66986,-79.398443,2025-07-29,0,11,1,1,0,128,1,1,0,3,5
129,129,Bloor St E / Huntley St - SMART,43.671535,-79.379173,2025-07-29,2,16,1,1,1,129,2,0,1,1,6
130,130,Bay Mills Blvd / Birchmount Ave,43.78342986112393,-79.29955890113074,2025-07-29,7,7,1,1,0,130,0,0,1,0,9
131,131,Gerrard St E / Leslie St,43.669813,-79.3335,2025-07-29,20,1,1,1,0,131,1,1,0,1,7
132,132,Eglinton Ave W / Prospect Cemetery,43.69415,-79.45782580000001,2025-07-29,0,19,1,1,0,132,0,0,0,0,10
133,133,Maud St / Adelaide St W - SMART,43.6460145694434,-79.39960497726345,2025-07-29,5,9,1,1,0,133,0,1,1,1,7
134,134,Simcoe St / Michael Sweet Ave,43.652327224103,-79.3882538196087,2025-07-29,1,17,1,1,0,134,2,1,0,1,6
135,135,High Park - West Rd,43.651922,-79.465693,2025-07-29,3,17,1,1,1,135,1,0,3,5,1
136,136,Morningside Park (Highland Creek Trail),43.779353,-79.193023,2025-07-29,1,18,1,1,0,136,0,0,0,1,9
137,137,Ellesmere Rd / Markham Rd,43.77682938751077,-79.2305003612381,2025-07-29,1,11,1,1,0,137,0,0,0,0,10
138,138,King St W / Cowan Ave - SMART,43.637922,-79.431734,2025-07-29,6,8,1,1,2,138,0,0,1,1,8
139,139,Trethewey Dr / Black Creek Dr,43.69549840027979,-79.48809394482672,2025-07-29,1,12,1,1,0,139,0,0,2,1,7
140,140,Adelaide St W / Bay St,43.650152,-79.379856,2025-07-29,0,22,1,1,0,140,4,0,0,2,4
141,141,Pharmacy Ave / Eglinton Ave E ,43.72534466992445,-79.2976874085289,2025-07-29,7,8,1,1,3,141,0,0,0,0,10
142,142,Bathurst St/Queens Quay(Billy Bishop Airport),43.635492,-79.398253,2025-07-29,10,20,1,1,0,142,1,1,0,7,1
143,143,Brahms Ave / Finch Ave E,43.79236326442992,-79.35836318028717,2025-07-29,5,11,1,1,0,143,0,0,0,0,10
144,144,King St W / Crawford St,43.6417852,-79.4131148,2025-07-29,20,0,1,1,0,144,1,0,1,3,5
145,145,Isabella St / Church St,43.66834,-79.38235,2025-07-29,19,6,1,1,1,145,2,0,1,1,6
146,146,Durie St / Dundas St W,43.665523,-79.484892,2025-07-29,1,20,1,1,0,146,2,0,2,0,6
147,147,Trent Ave / Danforth Ave,43.689293,-79.295895,2025-07-29,2,21,1,1,0,147,0,0,2,0,8
148,148,Marilyn Bell Park Tennis Court,43.633537,-79.437461,2025-07-29,2,25,1,1,0,148,0,0,1,2,7
149,149,Cosburn Ave / Cedarvale Ave,43.697139,-79.31469,2025-07-29,5,9,1,1,2,149,2,0,1,4,3
150,150,Joe Shuster Way / King St W ,43.64039672322004,-79.4237424131447,2025-07-29,17,0,1,1,0,150,1,1,1,0,7
151,151,Sherbourne St / Wellesley St E,43.6673,-79.374,2025-07-29,12,16,1,1,6,151,4,0,0,1,5
152,152,Lower Jarvis St / The Esplanade,43.6478206,-79.3704721,2025-07-29,12,2,1,1,0,152,1,1,0,3,5
153,153,Sheppard Ave E / Willowdale Ave ,43.76411174298419,-79.39833699652739,2025-07-29,10,1,1,1,0,153,1,0,0,2,7
154,154,Mallon Ave / Jones Ave -SMART,43.66587,-79.33443,2025-07-29,12,3,1,1,1,154,1,1,0,1,7
155,155,Front St W / Simcoe St,43.644480035433915,-79.38698781349183,2025-07-29,0,25,1,1,0,155,0,2,0,1,7
156,156,Centre Island,43.61851569484422,-79.3730330079146,2025-07-29,18,13,1,1,0,156,1,0,1,4,4
157,157,135 Queens Wharf Rd - SMART,43.6399714,-79.39940399999999,2025-07-29,14,1,1,1,0,157,2,1,0,3,4
158,158,15 Price St ,43.6799477790745,-79.38994813684005,2025-07-29,0,14,1,1,0,158,0,0,0,2,8
159,159,Kennedy Rd / Bertrand Ave,43.73746176713744,-79.26995937672586,2025-07-29,0,10,1,1,0,159,1,0,0,1,8
160,160,Jarvis St / Dundas St E,43.657266,-79.374756,2025-07-29,13,12,1,1,0,160,2,1,0,0,7
161,161,Orde St / McCaul St,43.6580442,-79.3927404,2025-07-29,0,13,1,1,0,161,3,1,0,3,3
162,162,University Ave / King St W - SMART,43.6477785,-79.3847928,2025-07-29,3,20,1,1,0,162,2,1,0,0,7
163,163,Islington Ave / Finch Ave W,43.74445257991756,-79.56824985721664,2025-07-29,3,11,1,1,0,163,0,0,0,2,8
164,164,The Queensway at South Kingsway,43.63632,-79.47307,2025-07-29,13,6,1,1,1,164,0,1,0,6,3
165,165,Roehampton Ave / Bayview Ave,43.711751,-79.378615,2025-07-29,7,17,1,1,2,165,2,0,0,1,7
166,166,Phoebe St / Spadina Ave,43.650033,-79.396555,2025-07-29,12,18,1,1,0,166,1,0,3,1,5
167,167,Yonge St / Lawrence Ave E,43.7254665,-79.40115449999999,2025-07-29,2,18,1,1,0,167,1,0,0,2,7
168,168,Bay St / Bloor St W (East Side),43.66943,-79.38915,2025-07-29,0,14,1,1,0,168,2,0,0,1,7
169,169,Symington Ave / Dupont St,43.665538,-79.451263,2025-07-29,5,7,1,1,0,169,0,0,1,2,7
170,170,Silver Springs Blvd / Birchmount Rd,43.800737007917,-79.30671242148874,2025-07-29,2,2,1,1,0,170,0,0,1,0,9
171,171,St. Clair Ave W / Osler St,43.6739269797493,-79.46068479021301,2025-07-29,2,9,1,1,0,171,0,0,0,2,8
172,172,Bridgman Ave / Bathurst St,43.674444,-79.414722,2025-07-29,0,14,1,1,0,172,0,0,0,2,8
173,173,Davenport Rd / Bedford Rd,43.674446,-79.398331,2025-07-29,3,10,1,1,1,173,0,0,0,2,8
174,174,University Ave / College St (East),43.65995,-79.38964,2025-07-29,0,15,1,1,0,174,4,0,0,2,4
175,175,York University (Glendon Campus) - SMART,43.727365488246306,-79.3814254607724,2025-07-29,12,1,1,1,0,175,2,0,0,2,6
176,176,Simcoe St / Elm St,43.656038841714505,-79.38970387738495,2025-07-29,0,11,1,1,0,176,2,0,0,1,7
177,177,24 Mountjoy Ave,43.68049350289877,-79.33044552721375,2025-07-29,13,5,1,1,0,177,2,2,0,1,5
178,178,Marine Parade Dr / Humber Bay Shores Park Trl,43.626461825093834,-79.47675102302073,2025-07-29,10,7,1,1,0,178,1,0,1,2,6
179,179,King St W / Spadina Ave,43.64514249449372,-79.39510358283808,2025-07-29,7,11,1,1,0,179,1,1,1,0,7
180,180,Spadina Ave / Harbord St - SMART,43.6629228,-79.4018451,2025-07-29,0,34,1,1,0,180,1,1,0,2,6
181,181,Bayview Ave / Finch Recreational Trail,43.789068698639504,-79.39315096004944,2025-07-29,5,11,1,1,0,181,0,0,0,3,7
182,182,Keele St / Lloyd Ave,43.67115532642577,-79.46701597756929,2025-07-29,0,12,1,1,0,182,3,0,1,0,6
183,183,Viewmount Park,43.70735572654095,-79.43723072209013,2025-07-29,0,12,1,1,0,183,1,0,2,2,5
184,184,Housey St / Dan Leckie Way,43.63811,-79.397877,2025-07-29,20,4,1,1,0,184,0,1,0,5,4
185,185,Ontario St / Adelaide St E -SMART,43.6535052,-79.3667689,2025-07-29,17,0,1,1,2,185,0,1,0,2,7
186,186,Clendenan Ave / Rowland St - SMART,43.66073,-79.47149,2025-07-29,0,18,1,1,0,186,1,0,2,1,6
187,187,Slan Ave / Scarborough Golf Club Rd,43.77327261711258,-79.21971485277862,2025-07-29,7,6,1,1,0,187,0,0,1,1,8
188,188,Southwood Dr / Kingston Rd - SMART,43.678685,-79.297974,2025-07-29,1,11,1,1,0,188,2,0,1,0,7
189,189,85 Lee Ave,43.6700692,-79.2971326,2025-07-29,0,18,1,1,0,189,1,0,0,4,5
190,190,King St W / Portland St - SMART,43.644395,-79.40065430000001,2025-07-29,30,2,1,1,0,190,0,1,2,1,6
191,191,Toronto Eaton Centre (Yonge St) - SMART,43.655431,-79.380653,2025-07-29,0,17,1,1,0,191,2,0,0,0,8
192,192,Sussex Ave / St George St,43.665304278965365,-79.39938263802871,2025-07-29,0,15,1,1,0,192,1,1,0,2,6
193,193,Baldwin St / Henry St,43.6560758,-79.393259,2025-07-29,9,3,1,1,1,193,2,1,0,1,6
194,194,Donlands Subway Station,43.681114,-79.3373885,2025-07-29,6,9,1,1,1,194,2,1,1,1,5
195,195,York St / Lake Shore Blvd W,43.641952,-79.380723,2025-07-29,12,5,1,1,0,195,1,1,0,2,6
196,196,Weston Rd / Sheppard Ave W,43.73262849415089,-79.5381993243286,2025-07-29,1,13,1,1,0,196,0,1,0,2,7
197,197,Spadina Ave / Willcocks St,43.6616667,-79.40138888888889,2025-07-29,1,10,1,1,0,197,0,0,0,2,8
198,198,Leslie Subway Station,43.77037892370793,-79.36702734195678,2025-07-29,3,12,1,1,0,198,0,0,0,0,10
199,199,Baycrest Ave / Bathurst St,43.72966526118746,-79.4324727837474,2025-07-29,2,16,1,1,0,199,0,0,0,0,10
200,200,Pharmacy Ave / Teesdale Pl,43.69735608087488,-79.28528711019696,2025-07-29,17,2,1,1,0,200,1,0,0,2,7
201,201,Lindylou Rd / Lanyard Rd,43.74845421407306,-79.5504039969242,2025-07-29,4,8,1,1,0,201,0,0,0,1,9
202,202,Blake St / Boultbee Ave,43.672453,-79.338259,2025-07-29,14,1,1,1,0,202,1,2,0,3,4
203,203,Granby St / Church St - SMART,43.6614605,-79.37894570000002,2025-07-29,9,15,1,1,0,203,3,0,2,0,5
204,204,Vaughan Rd /Wychwood Ave,43.6882821,-79.4253856,2025-07-29,4,15,1,1,4,204,0,0,1,1,8
205,205,Spadina Ave / Sullivan St,43.65082785552666,-79.39698099821702,2025-07-29,1,18,1,1,0,205,0,0,3,1,6
206,206,Jarvis St / Carlton St,43.66207,-79.37617,2025-07-29,7,6,1,1,0,206,3,0,2,0,5
207,207,Mallaby Park ,43.706191092397106,-79.53262795581969,2025-07-29,0,14,1,1,0,207,0,0,0,2,8
208,208,Bathurst St / Lennox St,43.663808,-79.410491,2025-07-29,3,16,1,1,0,208,1,1,1,1,6
209,209,1303 Yonge St - SMART,43.6846177,-79.39245919999999,2025-07-29,2,14,1,1,1,209,1,0,0,3,6
210,210,Palmerston Ave / Vermont Ave,43.671389,-79.416389,2025-07-29,6,9,1,1,2,210,0,1,0,3,6
211,211,Westmoreland Ave / Fernbank Ave,43.665327,-79.43235,2025-07-29,7,10,1,1,0,211,3,2,1,2,2
212,212,York St / Queens Quay W,43.640132,-79.380464,2025-07-29,52,1,1,1,0,212,0,2,0,3,5
213,213,Gamble Ave / Broadview Ave,43.689211,-79.35438,2025-07-29,18,3,1,1,4,213,0,0,0,1,9
214,214,Howard Park Ave / Dundas St W - SMART,43.6521,-79.4486,2025-07-29,1,7,1,1,0,214,2,0,1,1,6
215,215,St. Columba Pl / St. Clair Ave E,43.70567,-79.310554,2025-07-29,3,14,1,1,1,215,2,0,0,2,6
216,216,Bloor St W / Huron St,43.667023,-79.401805,2025-07-29,0,26,1,1,0,216,2,1,0,2,5
217,217,Bloor St W / Gladstone Ave - SMART,43.6602021,-79.4342726,2025-07-29,0,10,1,1,0,217,4,1,0,1,4
218,218,Greenwood Ave / Sammon Ave,43.68698672516659,-79.33478198280334,2025-07-29,9,2,1,1,0,218,1,2,0,1,6
219,219,High Park Ave / Dundas St W,43.6653032,-79.4701178,2025-07-29,3,11,1,1,0,219,1,0,2,1,6
220,220,Sunnybrook Park,43.720233,-79.362092,2025-07-29,9,17,1,1,0,220,0,0,0,4,6
221,221,Danforth Ave / Ellerbeck St,43.677076,-79.35667,2025-07-29,9,5,1,1,1,221,2,0,0,3,5
222,222,1612 Danforth Ave ,43.68370788065334,-79.32262453633884,2025-07-29,3,12,1,1,1,222,2,0,0,2,6
223,223,Finch Ave W / Wilmington Ave,43.77060244428048,-79.45997589178772,2025-07-29,6,12,1,1,0,223,0,0,0,4,6
224,224,Charles St E / Jarvis St - SMART,43.669604,-79.381171,2025-07-29,3,17,1,1,0,224,2,0,0,1,7
225,225,Queens Quay / Yonge St,43.641646,-79.375308,2025-07-29,11,29,1,1,0,225,1,0,0,2,7
226,226,HTO Park West,43.63737145931921,-79.38976958703309,2025-07-29,25,4,1,1,0,226,0,3,1,2,4
227,227,University of Toronto Scarborough,43.7842419,-79.1849889,2025-07-29,5,10,1,1,0,227,1,0,0,0,9
228,228,King St W / Douro St,43.640885,-79.416379,2025-07-29,10,0,1,1,0,228,0,1,2,1,6
229,229,Lower Jarvis St / Queens Quay E,43.64422,-79.36927,2025-07-29,0,0,1,1,0,229,1,0,0,3,6
230,230,Keele St / Catford Rd,43.75919330632997,-79.49001046850891,2025-07-29,1,12,1,1,1,230,0,0,0,0,10
231,231,Brick Works,43.683884,-79.36647,2025-07-29,6,18,1,1,0,231,0,0,0,5,5
232,232,Danforth Ave / Dewhurst Blvd,43.680207,-79.339243,2025-07-29,3,12,1,1,1,232,0,1,1,2,6
233,233,Kingston Rd / Glen Everest Rd,43.697490048103,-79.25655146462776,2025-07-29,7,5,1,1,0,233,0,0,2,7,1
234,234,Queens Quay E / Lower Jarvis St ,43.64392767366328,-79.3687301736982,2025-07-29,18,1,1,1,0,234,1,0,0,3,6
235,235,Vaughan Rd / Oakwood Ave,43.6926825,-79.441042,2025-07-29,0,18,1,1,0,235,0,0,1,2,7
236,236,Rushton Rd / St. Clair Ave W,43.68114,-79.4277,2025-07-29,0,11,1,1,0,236,0,0,2,0,8
237,237,Queen St E / Alton Av,43.663912,-79.327987,2025-07-29,13,6,1,1,0,237,0,0,0,2,8
238,238,Brockley Dr / Lawrence Ave E,43.752354851176584,-79.26279658857231,2025-07-29,0,11,1,1,0,238,0,0,0,2,8
239,239,Torresdale Ave / Antibes Dr,43.77953,-79.45233,2025-07-29,10,3,1,1,0,239,0,0,1,5,4
240,240,Cherry St / Polson St,43.64332093276701,-79.35120948518066,2025-07-29,1,16,1,1,0,240,2,2,3,1,2
241,241,Tangiers Rd / Finch Ave W,43.76376964130183,-79.48809242593383,2025-07-29,1,13,1,1,0,241,0,0,1,0,9
242,242,Adelaide St W / Bay St (South),43.65011637593798,-79.37953068860327,2025-07-29,0,15,1,1,0,242,4,0,0,2,4
243,243,Fort York Blvd / Garrison Rd,43.637381,-79.406112,2025-07-29,14,0,1,1,0,243,0,1,0,7,2
244,244,Niagara St / Queen St W ,43.64572868466845,-79.40990680181771,2025-07-29,3,6,1,1,0,244,2,1,2,3,2
245,245,Cariboo Ave / Railpath Trail,43.66666667,-79.45833333333334,2025-07-29,1,18,1,1,0,245,1,0,1,2,6
246,246,Davisville Ave / Pailton Cres,43.69933,-79.39199,2025-07-29,8,10,1,1,8,246,1,0,0,3,6
247,247,Yonge St / St. Clair Ave,43.68850460000001,-79.39416076812287,2025-07-29,11,7,1,1,0,247,0,0,0,2,8
248,248,Simcoe St / Dundas St W,43.655103,-79.389295,2025-07-29,5,12,1,1,0,248,2,0,0,1,7
249,249,Mill St / Tannery Rd,43.652219,-79.354455,2025-07-29,26,0,1,1,0,249,1,0,0,3,6
250,250,Dundas St E / George St,43.6574766,-79.373446,2025-07-29,12,12,1,1,1,250,1,1,0,0,8
251,251,Front St W / Yonge St (Hockey Hall of Fame),43.646144,-79.377962,2025-07-29,13,32,1,1,0,251,3,0,0,2,5
252,252,Church St / Lombard St,43.651678,-79.375233,2025-07-29,2,12,1,1,0,252,2,1,0,3,4
253,253,Augusta Ave / Denison Sq,43.653766,-79.4016759,2025-07-29,8,0,1,1,0,253,1,2,4,0,3
254,254,St. John's Rd / Dundas St W,43.66526761605873,-79.47502122887077,2025-07-29,7,7,1,1,1,254,3,0,2,0,5
255,255,Millwood Rd / Southvale Dr,43.70241717215276,-79.36175932936095,2025-07-29,5,8,1,1,1,255,1,1,1,0,7
256,256,Dundas St E / Broadview Ave,43.662365,-79.351104,2025-07-29,17,0,1,1,1,256,1,0,0,3,6
257,257,Dundas St W / Edna Ave,43.657192,-79.452559,2025-07-29,1,12,1,1,1,257,1,0,1,2,6
258,258,Frobisher Ave / Lascelles Blvd,43.696708,-79.40045,2025-07-29,4,15,1,1,1,258,2,0,0,1,7
259,259,Eastgate Cres / Pharmacy Ave ,43.7110442448186,-79.29127313845584,2025-07-29,1,13,1,1,0,259,0,0,0,1,9
260,260,St. Andrew's Playground Park,43.646552,-79.399586,2025-07-29,1,3,1,1,1,260,0,1,1,1,7
261,261,Roxton Rd / Harbord St,43.65905,-79.422988,2025-07-29,11,0,1,1,0,261,3,1,0,2,4
262,262,Sixth St / Lake Shore Blvd W,43.60116229109828,-79.50416046627045,2025-07-29,12,0,1,1,1,262,1,0,0,2,7
263,263,Dufferin St / Queen St W,43.64309687937765,-79.42875613770637,2025-07-29,6,8,1,1,0,263,2,0,1,0,7
264,264,Yonge St / Sheppard Ave E,43.76128605777495,-79.41071644205269,2025-07-29,2,16,1,1,0,264,0,0,0,1,9
265,265,Davenport Rd / Bathurst St,43.676667,-79.416111,2025-07-29,0,14,1,1,0,265,0,1,0,2,7
266,266,Havelock St / Dufferin Park,43.657343,-79.43112,2025-07-29,17,14,1,1,0,266,3,1,1,1,4
267,267,Bellamy Rd N / The Meadoway,43.76507271818177,-79.23835381614684,2025-07-29,2,12,1,1,0,267,2,0,1,2,5
268,268,Sunnybrook Health Centre - L Wing,43.72268,-79.37644,2025-07-29,1,14,1,1,0,268,1,0,0,3,6
269,269,Teddington Park Ave,43.732975,-79.40401,2025-07-29,0,14,1,1,0,269,1,0,0,0,9
270,270,21 Pleasant Blvd (2),43.687204264115415,-79.39269726524513,2025-07-29,5,6,1,1,0,270,0,0,0,2,8
271,271,Scarlett Rd / Old Scarlett Rd ,43.678276306636576,-79.50667332401198,2025-07-29,4,9,1,1,0,271,1,0,1,4,4
272,272,Blythwood Rd / Yonge St - SMART,43.716652,-79.399993,2025-07-29,6,5,1,1,0,272,0,2,0,2,6
273,273,Runnymede Rd / Annette St,43.6596299,-79.4799176,2025-07-29,4,10,1,1,3,273,2,0,1,2,5
274,274,285 Victoria St,43.656633,-79.379625,2025-07-29,25,11,1,1,0,274,1,0,0,0,9
275,275,Eastern Ave / Winnifred Ave,43.6592088,-79.3348396,2025-07-29,10,2,1,1,0,275,0,0,0,0,10
276,276,Ursula Franklin St / St. George St - SMART,43.660296,-79.397107,2025-07-29,0,14,1,1,0,276,1,0,0,2,7
277,277,Guildwood GO Station (South),43.754978,-79.1971289,2025-07-29,2,8,1,1,0,277,0,0,3,2,5
278,278,Clarence Square,43.64407,-79.3929,2025-07-29,13,9,1,1,1,278,1,1,1,1,6
279,279,Aurora Ct / Bridletowne Cir,43.79283961726625,-79.31685173498637,2025-07-29,1,9,1,1,0,279,0,0,0,2,8
280,280,Eglinton Ave E / Brimley Rd,43.736952572933866,-79.24798367249146,2025-07-29,4,14,1,1,1,280,1,0,1,0,8
281,281,Front St W / Bay St (South Side),43.64595,-79.378761,2025-07-29,2,17,1,1,0,281,3,0,0,2,5
282,282,Jimmie Simpson Park (Queen St E),43.6605603,-79.3437663,2025-07-29,14,17,1,1,0,282,1,1,0,1,7
283,283,Alma Ave / Gladstone Ave SMART,43.6448617,-79.42822,2025-07-29,13,2,1,1,0,283,3,0,1,0,6
284,284,Jane St / Weston Rd,43.69144464414302,-79.50154583869246,2025-07-29,2,13,1,1,1,284,0,0,0,0,10
285,285,439 Sherbourne St,43.666051,-79.374161,2025-07-29,7,37,1,1,0,285,4,0,1,0,5
286,286,Mary McCormick Rec Centre (Sheridan Ave),43.6475,-79.43305555555555,2025-07-29,10,3,1,1,0,286,0,0,1,1,8
287,287,Church St / The Esplanade,43.6469251,-79.3733192,2025-07-29,13,6,1,1,0,287,2,1,0,2,5
288,288,50 Overlea Blvd,43.707225,-79.345324,2025-07-29,0,14,1,1,0,288,0,0,0,1,9
289,289,60 Broadway Ave,43.71024429599603,-79.39578744603273,2025-07-29,9,13,1,1,0,289,1,1,0,2,6
290,290,Queen St W  /  Fuller Ave - SMART,43.640255,-79.439223,2025-07-29,3,11,1,1,0,290,0,0,0,3,7
291,291,Windsor St / Newcastle St,43.6171635,-79.4971065,2025-07-29,1,30,1,1,0,291,1,0,0,0,9
292,292,O'Connor Dr / Curity Ave,43.707582,-79.311439,2025-07-29,9,5,1,1,4,292,2,0,0,0,8
293,293,Humber College (Lakeshore Campus),43.5961692,-79.5160575,2025-07-29,24,3,1,1,0,293,1,0,0,1,8
294,294,Eglinton Ave W / Oakwood Ave,43.69705023028765,-79.4437599043325,2025-07-29,0,15,1,1,0,294,0,0,0,1,9
295,295,Bay St / Charles St W - SMART,43.668153,-79.38891,2025-07-29,0,18,1,1,0,295,1,0,0,2,7
296,296,Primrose Ave / Davenport Rd,43.67142,-79.445947,2025-07-29,2,13,1,1,0,296,0,0,1,2,7
297,297,Ted Rogers Way / Bloor St E,43.671293,-79.380471,2025-07-29,3,17,1,1,2,297,2,0,1,1,6
298,298,Lake Shore Blvd W / Colborne Lodge Dr,43.63771,-79.458173,2025-07-29,8,13,1,1,0,298,0,0,1,7,2
299,299,Weston Lions Park,43.698841,-79.519472,2025-07-29,1,23,1,1,0,299,0,0,1,1,8
300,300,Oriole Pkwy / Kilbarry Rd,43.6954486,-79.4026176,2025-07-29,2,16,1,1,0,300,2,0,0,1,7
301,301,Highfield Rd / Gerrard St E,43.671771,-79.324961,2025-07-29,17,1,1,1,0,301,1,0,0,2,7
302,302,Grand Avenue Park,43.623708,-79.490054,2025-07-29,5,17,1,1,2,302,0,0,0,1,9
303,303,The Esplanade / Hahn Pl,43.649709,-79.364184,2025-07-29,14,0,1,1,0,303,1,0,0,1,8
304,304,Front St E / Scott St (2),43.6476241415141,-79.37552498892019,2025-07-29,2,9,1,1,0,304,4,0,0,2,4
305,305,Church St  / Wood St,43.662712,-79.379903,2025-07-29,8,19,1,1,1,305,3,0,2,0,5
306,306,Bayview Ave / Lawren Harris Square,43.6548521,-79.35397680000001,2025-07-29,13,0,1,1,0,306,0,0,0,3,7
307,307,King St W / Bay St (West Side),43.64852,-79.380576,2025-07-29,1,33,1,1,0,307,4,0,0,2,4
308,308,Bloor St E / Parliament St,43.671946102001826,-79.37245115337294,2025-07-29,6,12,1,1,1,308,2,0,1,1,6
309,309,128 Sterling Rd - SMART,43.654004,-79.444792,2025-07-29,1,18,1,1,0,309,3,0,1,1,5
310,310,Jane St / Lawrence Ave W,43.702340220597975,-79.50347389514123,2025-07-29,0,14,1,1,0,310,0,0,0,0,10
311,311,519 Church St ,43.6668334195837,-79.38120391054117,2025-07-29,0,11,1,1,0,311,3,0,3,1,3
312,312,Ossington Ave / Bruce St,43.64570236705167,-79.41933192053696,2025-07-29,1,13,1,1,0,312,3,0,1,1,5
313,313,Islington Subway Station (Aberfoyle Cres),43.645658591546216,-79.52339938954925,2025-07-29,3,9,1,1,0,313,1,0,0,0,9
314,314,Spadina Ave / Fort York Blvd,43.640114,-79.393249,2025-07-29,14,7,1,1,0,314,1,2,1,3,3
315,315,Vanauley St / Queen St W - SMART,43.648437,-79.39838,2025-07-29,5,6,1,1,0,315,0,0,2,0,8
316,316,Howard St / Rose Ave,43.671278,-79.372127,2025-07-29,3,16,1,1,2,316,3,0,1,1,5
317,317,Brooklawn Ave / Kingston Rd,43.72176140069123,-79.2359137196434,2025-07-29,2,9,1,1,1,317,0,0,0,1,9
318,318,Salem Ave / Bloor St W,43.6608333,-79.43166666666667,2025-07-29,4,11,1,1,1,318,3,1,0,2,4
319,319,Gunns Rd / Lavender Creek Trail,43.675531973168354,-79.47199740066374,2025-07-29,0,15,1,1,0,319,2,0,1,0,7
320,320,Lake Shore Blvd W / Bathurst St,43.63675592256874,-79.39920538954927,2025-07-29,17,3,1,1,1,320,0,1,0,6,3
321,321,Front St W / Bay St (North Side),43.646162,-79.378912,2025-07-29,1,10,1,1,0,321,3,0,0,2,5
322,322,Greenwood Ave / Gerrard St E,43.67036917803197,-79.32782698645094,2025-07-29,12,1,1,1,2,322,1,1,0,2,6
323,323,Trethewey Dr / Jane St,43.697417070558615,-79.50079830912324,2025-07-29,3,13,1,1,3,323,1,0,0,0,9
324,324,Don Mills Rd / Goodview Rd,43.785346474479695,-79.35362921031188,2025-07-29,9,6,1,1,0,324,0,0,0,0,10
325,325,25 Booth Ave,43.6544839,-79.34105699999999,2025-07-29,7,14,1,1,0,325,2,0,0,1,7
326,326,Danforth Ave / Danforth Rd,43.69362206784152,-79.27710529695892,2025-07-29,2,13,1,1,1,326,0,0,0,0,10
327,327,Lake Shore Blvd W / The Boulevard Club,43.636731,-79.444966,2025-07-29,13,3,1,1,0,327,0,0,0,2,8
328,328,Thorncliffe Park Dr / Leaside Park Trail,43.70400405297843,-79.34807015078738,2025-07-29,1,13,1,1,0,328,1,0,0,0,9
329,329,Lawrence Ave W / Pine St,43.70177452503352,-79.50850451132469,2025-07-29,0,15,1,1,0,329,0,0,1,0,9
330,330,University Ave / Gerrard St W (East Side),43.657763,-79.389165,2025-07-29,0,24,1,1,0,330,2,0,0,2,6
331,331,Ruddington Dr / Finch Recreational Trail,43.789781888844246,-79.38988621716194,2025-07-29,4,13,1,1,0,331,0,0,0,3,7
332,332,3220 Bloor St W,43.646186757495194,-79.51762536747455,2025-07-29,30,3,1,1,24,332,1,0,0,0,9
333,333,Cosburn Ave / Durant Ave,43.6935477,-79.3301658,2025-07-29,11,4,1,1,3,333,1,0,0,3,6
334,334,Eastview Park,43.75907140932035,-79.18945281711036,2025-07-29,1,9,1,1,0,334,1,0,1,1,7
335,335,Stansbury Cr / Midland Ave,43.742513527508905,-79.26124310383767,2025-07-29,1,10,1,1,0,335,0,0,0,1,9
336,336,Marlee Ave / York Beltline Trail,43.70163,-79.44099,2025-07-29,1,18,1,1,1,336,1,0,0,2,7
337,337,King St W / Bay St (East Side),43.648575,-79.380042,2025-07-29,3,14,1,1,0,337,4,0,0,2,4
338,338,Bloor St W / Balmuto St,43.66981064282057,-79.38801106873031,2025-07-29,0,11,1,1,0,338,2,0,0,0,8
339,339,Claremont St / Dundas St W,43.651281,-79.411717,2025-07-29,11,1,1,1,0,339,3,0,2,1,4
340,340,HTO Park (Queens Quay W),43.63796,-79.387502,2025-07-29,16,6,1,1,2,340,0,2,1,3,4
341,341,Charles St W / Balmuto St - SMART,43.668427,-79.38725,2025-07-29,0,22,1,1,0,341,1,0,0,0,9
342,342,King St W / Brant St,43.645102,-79.39744979999999,2025-07-29,5,14,1,1,0,342,1,1,1,1,6
343,343,Lawton Blvd / Yonge St,43.6910667,-79.39535,2025-07-29,11,2,1,1,1,343,1,0,0,3,6
344,344,Grenoble Dr / Vendome Pl,43.715537998967406,-79.32811427663442,2025-07-29,5,4,1,1,0,344,0,0,0,3,7
345,345,Chiltern Hill Rd / Eglinton Ave W,43.7004017,-79.4275305,2025-07-29,1,16,1,1,1,345,2,0,0,1,7
346,346,14 Arundel Ave,43.6784834,-79.3513564,2025-07-29,16,7,1,1,11,346,1,2,0,3,4
347,347,Antler St / Campbell Ave - SMART,43.664182,-79.449066,2025-07-29,1,18,1,1,0,347,1,0,1,1,7
348,348,Keele St / Ingram Dr,43.698706949666914,-79.4756586460327,2025-07-29,6,3,1,1,2,348,0,0,1,1,8
349,349,St. Clair Ave W / Castleton Ave,43.668496,-79.485426,2025-07-29,1,18,1,1,0,349,2,0,2,0,6
350,350,Euclid Ave / Queen St W - SMART,43.64656806400965,-79.4076868902591,2025-07-29,6,0,1,1,1,350,2,1,3,2,2
351,351,Emdaabiimok Ave / Lake Shore Blvd E,43.662771,-79.315223,2025-07-29,6,8,1,1,0,351,1,0,1,2,6
352,352,Highview Ave / Kennedy Rd,43.702418581463505,-79.2563167072858,2025-07-29,3,12,1,1,1,352,0,0,1,4,5
353,353,Emerson Ave / Bloor St W,43.658739,-79.440691,2025-07-29,1,21,1,1,0,353,4,0,0,1,5
354,354,St Clair Ave W / Oakwood Ave,43.678177,-79.435364,2025-07-29,0,15,1,1,0,354,0,1,1,0,8
355,355,Bellamy Rd S / Kingston Rd,43.7323277855009,-79.22496619876934,2025-07-29,1,17,1,1,0,355,0,0,1,5,4
356,356,Queens Quay W / Lower Simcoe St,43.63951,-79.383717,2025-07-29,11,3,1,1,0,356,0,2,1,3,4
357,357,Fulton Ave / Pape Ave,43.68395,-79.347046,2025-07-29,15,3,1,1,2,357,1,2,1,1,5
358,358,165 McRae Dr,43.70587454662511,-79.36800595602851,2025-07-29,4,11,1,1,0,358,1,1,1,0,7
359,359,Union Station (North),43.64580855264656,-79.38054652324743,2025-07-29,2,14,1,1,0,359,2,1,0,3,4
360,360,Church St / Shuter St,43.65505698168995,-79.37651024603271,2025-07-29,5,9,1,1,0,360,1,1,0,0,8
361,361,Spadina Ave / Bulwer St- SMART ,43.64935447527379,-79.39675713332855,2025-07-29,4,6,1,1,0,361,1,0,2,0,7
362,362,Crawford St / Lobb Ave,43.64654941401018,-79.41558900317995,2025-07-29,18,4,1,1,0,362,4,0,0,1,5
363,363,Wellington St W / Blue Jays Way,43.64473387070102,-79.39168963262681,2025-07-29,12,6,1,1,0,363,1,2,0,1,6
364,364,Dawes Rd / Taylor Creek Trl,43.696631,-79.297436,2025-07-29,14,3,1,1,0,364,0,0,2,5,3
365,365,Commissioners St / Bouchette St,43.6493916813045,-79.34254970095081,2025-07-29,14,6,1,1,0,365,2,1,1,3,3
366,366,King St W / Stafford St,43.6422222,-79.41111111111111,2025-07-29,11,1,1,1,0,366,0,1,1,3,5
367,367,Sunrise Ave / Victoria Park Ave,43.71940912890232,-79.30226117096939,2025-07-29,3,8,1,1,3,367,0,0,1,0,9
368,368,Florence Gell Park,43.66196582326018,-79.49851065277862,2025-07-29,10,5,1,1,3,368,1,0,3,1,5
369,369,Orchard Park,43.66908,-79.3149,2025-07-29,18,1,1,1,0,369,2,0,0,1,7
370,370,Dubray Ave / Wilson Ave,43.728617628977695,-79.47800122943039,2025-07-29,13,6,1,1,0,370,0,0,0,0,10
371,371,Carlaw Ave / Strathcona Ave,43.6753188,-79.3462789,2025-07-29,5,5,1,1,1,371,1,1,0,3,5
372,372,St. Clair Ave W / Caledonia Rd,43.67566643384946,-79.45393093300397,2025-07-29,0,10,1,1,0,372,0,0,1,2,7
373,373,Exbury Rd / Jane St,43.729522486553826,-79.5101425092621,2025-07-29,5,10,1,1,0,373,0,0,0,2,8
374,374,Armel Ct / Albion Rd,43.721532966873205,-79.5455834809678,2025-07-29,3,12,1,1,0,374,0,0,1,2,7
375,375,Danforth Ave / Aldridge Ave,43.684758,-79.316767,2025-07-29,8,2,1,1,0,375,2,0,0,1,7
376,376,Alton Ave / Dundas St E (Greenwood Park),43.66745,-79.329408,2025-07-29,10,11,1,1,0,376,1,1,0,1,7
377,377,Finch West Subway Station,43.76521,-79.491281,2025-07-29,1,21,1,1,0,377,1,0,2,0,7
378,378,College St / Major St,43.6576,-79.4032,2025-07-29,2,10,1,1,0,378,0,0,1,0,9
379,379,Bathurst St / Adelaide St W,43.645324,-79.40345,2025-07-29,18,3,1,1,0,379,0,1,2,1,6
380,380,Ancaster Rd / Spalding Rd,43.73359486358252,-79.46651489022999,2025-07-29,3,12,1,1,0,380,0,0,1,2,7
381,381,Front St W / Spadina Ave,43.64235480340359,-79.39519751877137,2025-07-29,17,0,1,1,1,381,1,1,1,1,6
382,382,Bartley Park ,43.72211166436462,-79.30864830919265,2025-07-29,2,13,1,1,0,382,0,0,1,2,7
383,383,Wilmington Ave / Kennard Ave,43.76115848103729,-79.4560000049282,2025-07-29,4,6,1,1,0,383,0,0,2,1,7
384,384,Weston Rd / Lanyard Rd,43.748713,-79.541808,2025-07-29,5,7,1,1,0,384,0,0,0,0,10
385,385,Woodbine Ave / Lake Shore Blvd E,43.665645,-79.304711,2025-07-29,23,3,1,1,0,385,1,0,0,6,3
386,386,Metro Hall Plaza,43.645859,-79.38783,2025-07-29,1,21,1,1,0,386,2,2,0,1,5
387,387,Annette St / Jane St,43.658574,-79.487246,2025-07-29,3,11,1,1,2,387,0,0,2,1,7
388,388,Princes' Gates,43.63467323676012,-79.40897321886649,2025-07-29,5,9,1,1,0,388,1,1,0,7,1
389,389,Gould St / Mutual St,43.6582,-79.3768,2025-07-29,21,9,1,1,0,389,2,0,0,0,8
390,390,Bert Robinson Park,43.688028,-79.460265,2025-07-29,1,14,1,1,0,390,1,0,1,4,4
391,391,Torresdale Ave / Finch Ave W,43.77245563489829,-79.45102085413427,2025-07-29,13,5,1,1,0,391,1,0,1,1,7
392,392,Portland St / Queen St W,43.6476,-79.4015,2025-07-29,6,4,1,1,0,392,0,0,2,1,7
393,393,Bay St / Wellesley St W,43.664088,-79.387095,2025-07-29,3,27,1,1,0,393,3,0,1,2,4
394,394,Lansdowne Ave / Seaforth Ave ,43.64290439595669,-79.43746059447746,2025-07-29,10,1,1,1,1,394,0,0,1,2,7
395,395,200 Bloor St E,43.671561,-79.38117,2025-07-29,0,21,1,1,0,395,1,0,1,2,6
396,396,King St W / University Ave,43.64781808540915,-79.38427999073791,2025-07-29,0,34,1,1,0,396,3,0,0,0,7
397,397,Fleming Cres / Bayview Ave,43.707045,-79.375437,2025-07-29,3,12,1,1,1,397,1,0,0,0,9
398,398,Scarborough GO Station,43.7170472128686,-79.25461030789113,2025-07-29,14,8,1,1,12,398,1,0,0,1,8
399,399,Eglinton Ave W / Venn Cres,43.69143920681119,-79.46908634795456,2025-07-29,3,16,1,1,1,399,0,0,2,1,7
400,400,Bleecker St / St James Ave,43.669232,-79.374495,2025-07-29,3,18,1,1,2,400,4,0,1,1,4
401,401,Spadina Rd / St. Clair Ave W,43.683979,-79.410657,2025-07-29,0,14,1,1,0,401,0,1,0,1,8
402,402,Danforth Ave / Warden Ave,43.6950192,-79.27180659999999,2025-07-29,2,13,1,1,0,402,0,0,0,3,7
403,403,Eglinton West Subway Station,43.69867103968614,-79.43680738560357,2025-07-29,0,19,1,1,0,403,1,0,2,4,3
404,404,Sentinel Rd / Finch Corridor Trail,43.7641485,-79.5012809,2025-07-29,7,20,1,1,0,404,0,0,1,1,8
405,405,Bloor St W / Dundas St W (2),43.64285244644315,-79.53199489206543,2025-07-29,7,6,1,1,4,405,1,0,1,0,8
406,406,80 Clinton St,43.656296,-79.414663,2025-07-29,15,0,1,1,0,406,2,0,0,0,8
407,407,Sunnyside - Gus Ryder Pool,43.637894,-79.454823,2025-07-29,0,23,1,1,0,407,0,0,0,5,5
408,408,Widmer St / Adelaide St W - SMART,43.647547634759206,-79.39155200496292,2025-07-29,5,4,1,1,0,408,2,2,1,0,5
409,409,Pacific Ave / Glenlake Ave,43.65716,-79.46478,2025-07-29,2,17,1,1,1,409,1,0,3,1,5
410,410,Rosedale Park (20 Scholfield Ave),43.682645,-79.377557,2025-07-29,1,22,1,1,0,410,0,0,0,10,0
411,411,Jane St / Woolner Ave (Woolner Park),43.67119618326082,-79.49337217955949,2025-07-29,4,8,1,1,0,411,0,1,2,1,6
412,412,Beverley St / Dundas St W,43.652823,-79.393388,2025-07-29,1,28,1,1,0,412,2,1,1,1,5
413,413,St. Clair Ave W / Winona Dr,43.680466,-79.432522,2025-07-29,1,7,1,1,1,413,0,0,2,0,8
414,414,Concord Ave / Bloor St W,43.66189,-79.42679,2025-07-29,2,12,1,1,1,414,3,1,0,2,4
415,415,Lower Don River Trail and Taylor Creek Trail,43.7027268,-79.33368089999999,2025-07-29,9,8,1,1,0,415,0,0,0,3,7
416,416,Lake Shore Blvd W / Legion Rd,43.62052630763223,-79.48320224237995,2025-07-29,19,0,1,1,0,416,0,0,1,3,6
417,417,Morse St / Eastern Ave,43.657991,-79.340075,2025-07-29,5,6,1,1,2,417,1,0,0,1,8
418,418,Temperance St Station,43.650945,-79.379498,2025-07-29,0,54,1,1,0,418,3,1,0,2,4
419,419,Moss Park,43.655972,-79.370638,2025-07-29,8,2,1,1,0,419,1,1,0,0,8
420,420,Rosehill Ave / Avoca Ave - SMART,43.687999,-79.38906,2025-07-29,1,15,1,1,0,420,0,0,0,2,8
421,421,Gerrard St E / Nasmith Ave ,43.66273618779861,-79.36253100740966,2025-07-29,23,0,1,1,1,421,2,0,0,2,6
422,422,Garden Ave / Roncesvalles Ave,43.643769,-79.447915,2025-07-29,17,0,1,1,2,422,1,0,1,3,5
423,423,Glencairn Subway Station,43.70925763810859,-79.44169105036657,2025-07-29,2,10,1,1,0,423,0,0,0,2,8
424,424,Exhibition GO Station,43.6352007,-79.4187711,2025-07-29,5,7,1,1,1,424,1,1,1,2,5
425,425,Wakunda Pl / O'Connor Dr,43.71602024377182,-79.3047092517501,2025-07-29,1,8,1,1,0,425,0,0,2,0,8
426,426,Regal Rd / Dufferin St,43.673939,-79.441159,2025-07-29,2,13,1,1,2,426,0,0,2,1,7
427,427,Empress Ave / Yonge St,43.769395456625546,-79.41266521769707,2025-07-29,0,16,1,1,0,427,0,1,0,1,8
428,428,Logan Ave / Gerrard St E,43.6672144,-79.3452697,2025-07-29,18,4,1,1,1,428,0,1,0,3,6
429,429,Leslie St / Commissioners St  ,43.65727549739013,-79.32661544194183,2025-07-29,8,10,1,1,0,429,1,1,1,0,7
430,430,Dundas St E / Regent Park Blvd,43.660207,-79.361275,2025-07-29,23,0,1,1,0,430,2,0,0,3,5
431,431,Eglinton Ave E / Redpath Ave,43.7078691,-79.39248,2025-07-29,14,15,1,1,1,431,1,0,0,2,7
432,432,Bloor St W / Christie St,43.6638889,-79.41888888888889,2025-07-29,2,14,1,1,0,432,1,2,0,1,6
433,433,Sherbourne St N / Elm Ave,43.6752732,-79.3778458,2025-07-29,2,20,1,1,1,433,0,0,2,1,7
434,434,Woodbine Ave / O'Connor Dr,43.699281,-79.318802,2025-07-29,4,15,1,1,0,434,2,0,0,4,4
435,435,Danforth Ave / Lamb Ave,43.681991,-79.329455,2025-07-29,3,12,1,1,0,435,3,2,0,1,4
436,436,Danforth Rd / Savarin St,43.74307247062562,-79.24531812219966,2025-07-29,2,12,1,1,0,436,0,0,0,1,9
437,437,Shaw St / Essex St - SMART,43.667076,-79.425116,2025-07-29,6,9,1,1,0,437,1,2,0,1,6
438,438,The Well,43.643025055165865,-79.39430137761319,2025-07-29,3,1,1,1,1,438,1,1,1,1,6
439,439,Elwood Blvd / Avenue Rd,43.707049,-79.40966,2025-07-29,1,22,1,1,1,439,1,2,0,1,6
440,440,Cherry St / Lake Shore Blvd E,43.64827015761016,-79.35651733677065,2025-07-29,1,12,1,1,0,440,1,0,1,3,5
441,441,21 Pleasant Blvd (1),43.687211810315254,-79.39269591804246,2025-07-29,0,11,1,1,0,441,0,0,0,2,8
442,442,Eglinton Ave E / Brentcliffe Rd,43.714305793017544,-79.36089045040129,2025-07-29,5,9,1,1,1,442,0,1,1,3,5
443,443,Cedar Dr / Eglinton Ave E,43.744208202155754,-79.21564636613158,2025-07-29,3,7,1,1,0,443,1,0,0,0,9
444,444,Keele St / Dovehouse Ave - SMART,43.7494501,-79.4869662,2025-07-29,15,1,1,1,0,444,0,0,1,1,8
445,445,Barton Ave / Howland Ave - SMART,43.66842,-79.410585,2025-07-29,7,20,1,1,5,445,1,1,1,1,6
446,446,75 Thorncliffe Park Dr,43.70518328279426,-79.34224729962946,2025-07-29,3,6,1,1,2,446,0,0,0,1,9
447,447,YZD,43.7368015,-79.4687878,2025-07-29,10,9,1,1,0,447,0,0,1,2,7
448,448,Elizabeth St / Elm St,43.6570908165693,-79.38593668834272,2025-07-29,6,16,1,1,0,448,1,0,0,0,9
449,449,Second St / Lake Shore Blvd W,43.60191488118503,-79.49941888654288,2025-07-29,14,0,1,1,2,449,1,0,0,2,7
450,450,Queen St E / Rushbrooke Ave,43.6626628,-79.3323698,2025-07-29,11,3,1,1,0,450,0,1,0,2,7
451,451,Fairview Mall Dr / Fairview Mall Dr E,43.77967215439899,-79.3429500491085,2025-07-29,3,15,1,1,0,451,0,0,1,0,9
452,452,Gerrard St E / Malvern Ave - SMART,43.685221,-79.294766,2025-07-29,2,17,1,1,1,452,2,0,2,1,5
453,453,Danforth Ave / Barrington Ave,43.688325,-79.300463,2025-07-29,2,12,1,1,0,453,0,0,2,0,8
454,454,Scarborough Soccer Centre,43.7154661,-79.2876595,2025-07-29,5,14,1,1,2,454,1,0,0,1,8
455,455,Sherbourne St / Carlton St (Allan Gardens),43.663102,-79.373181,2025-07-29,13,1,1,1,1,455,3,0,1,0,6
456,456,Fairglen Cres / Weston Rd,43.70876747477083,-79.53445192394257,2025-07-29,0,11,1,1,0,456,0,0,0,0,10
457,457,Yonge St / Aylmer Ave,43.675492,-79.388858,2025-07-29,14,8,1,1,0,457,1,0,0,1,8
458,458,Beltline Trail / Yonge St,43.6962302,-79.39504339999999,2025-07-29,2,21,1,1,1,458,1,0,0,3,6
459,459,University Ave / Richmond St W,43.64981903446256,-79.38641270251617,2025-07-29,0,11,1,1,0,459,1,1,0,1,7
460,460,Bloor St W / Old Mill Trl,43.65016869999999,-79.4963345,2025-07-29,3,16,1,1,0,460,3,1,0,1,5
461,461,Fairmount Park,43.6765897,-79.3163022,2025-07-29,2,16,1,1,0,461,0,1,0,2,7
462,462,Victoria Park Ave / Edge Park Ave,43.717678679534906,-79.29961580314475,2025-07-29,6,11,1,1,0,462,0,0,1,2,7
463,463,Noble St / Queen St W,43.64226917409186,-79.42920979115014,2025-07-29,14,0,1,1,1,463,1,0,1,0,8
464,464,Markham Rd / The Meadoway ,43.77121894873629,-79.22956526983644,2025-07-29,0,19,1,1,0,464,0,0,0,0,10
465,465,Central Tech  (Harbord St),43.661975,-79.407896,2025-07-29,0,5,1,1,0,465,1,1,0,0,8
466,466,Victoria Park Ave / Dawes Rd,43.706466,-79.29511,2025-07-29,3,13,1,1,2,466,0,0,0,0,10
467,467,Thompson St / Broadview Ave - SMART,43.659471,-79.350325,2025-07-29,21,2,1,1,0,467,2,0,0,2,6
468,468,Birchmount Rd / The Meadoway,43.73893212110537,-79.28118032582971,2025-07-29,2,13,1,1,0,468,0,0,1,2,7
469,469,Markham Rd / Cougar Crt,43.74498896577104,-79.21944366329879,2025-07-29,1,10,1,1,0,469,1,0,0,0,9
470,470,St. George St / Bloor St W,43.66713121831853,-79.3995550638237,2025-07-29,4,11,1,1,0,470,2,1,0,2,5
471,471,College St / Markham St,43.6563888888889,-79.4091666666667,2025-07-29,6,7,1,1,0,471,2,0,0,0,8
472,472,Queen's Park Cres E / Grosvenor St - SMART,43.661803,-79.389682,2025-07-29,0,14,1,1,0,472,3,0,0,2,5
473,473,Ling Rd / Morningside Ave,43.766663817888656,-79.18521765344238,2025-07-29,13,3,1,1,0,473,0,0,1,0,9
474,474,Yonge St / Yorkville Ave,43.671944,-79.387778,2025-07-29,0,13,1,1,0,474,2,0,0,1,7
475,475,1 Market St,43.6469928,-79.3706665,2025-07-29,8,4,1,1,0,475,2,1,0,2,5
476,476,Spadina Ave / Dundas St W - SMART,43.652352301216055,-79.39801617693556,2025-07-29,1,9,1,1,0,476,0,1,2,1,6
477,477,Davenport Rd / McAlpine St - SMART,43.673768,-79.391253,2025-07-29,0,9,1,1,0,477,1,0,0,2,7
478,478,Midland Ave / Kingston Rd,43.7128578,-79.2487086,2025-07-29,8,10,1,1,7,478,0,1,1,0,8
479,479,Weston Rd / Gaydon Ave,43.720581848570575,-79.53729089399313,2025-07-29,0,11,1,1,0,479,0,0,0,2,8
480,480,Firvalley Ct / Warden Ave,43.7032112,-79.2787149,2025-07-29,1,17,1,1,1,480,0,0,2,4,4
481,481,OCAD University,43.65231552304792,-79.39091185000235,2025-07-29,6,16,1,1,0,481,2,1,1,1,5
482,482,Galbraith Rd / King's College Rd,43.6603874468082,-79.39537831814152,2025-07-29,0,15,1,1,0,482,1,1,0,2,6
483,483,Christie St / Benson Ave (Wychwood Barns),43.68,-79.42500000000001,2025-07-29,3,16,1,1,3,483,0,0,2,0,8
484,484,Portland St / Wellington St W,43.64290167152932,-79.39937033134326,2025-07-29,9,3,1,1,0,484,1,1,1,1,6
485,485,697 Lansdowne Ave ,43.659221843735615,-79.44277410244676,2025-07-29,0,17,1,1,0,485,4,0,0,2,4
486,486,University Ave / Pearl St ,43.64836809385241,-79.3853510232788,2025-07-29,0,18,1,1,0,486,2,1,0,0,7
487,487,Annette St / Dundas St W,43.6641174,-79.4588522,2025-07-29,1,13,1,1,0,487,1,0,2,1,6
488,488,Mutual St / Shuter St,43.654919677554936,-79.374960865926,2025-07-29,13,7,1,1,2,488,2,1,0,0,7
489,489,Parkcrest Dr / Kingston Rd,43.73596719224253,-79.21995221481933,2025-07-29,2,13,1,1,0,489,0,0,1,2,7
490,490,Macpherson Ave / Spadina Rd,43.675791,-79.40698,2025-07-29,2,12,1,1,0,490,0,1,0,1,8
491,491,Lawrence Ave E / Don Mills Trail,43.73458185912293,-79.35485399272919,2025-07-29,6,10,1,1,1,491,0,0,0,2,8
492,492,Albion Rd/ Arcot Blvd,43.727621709316395,-79.55254902939286,2025-07-29,1,14,1,1,0,492,0,0,2,2,6
493,493,Richmond St E / Yonge St,43.651838,-79.378743,2025-07-29,0,15,1,1,0,493,2,1,0,2,5
494,494,Birchcliff Ave / Kingston Rd,43.691688,-79.265027,2025-07-29,10,3,1,1,0,494,1,0,0,2,7
495,495,Randolph Ave / Perth Ave,43.6585504,-79.4497659,2025-07-29,3,16,1,1,0,495,3,0,1,1,5
496,496,Bathurst St / Fort York Blvd,43.639179,-79.399595,2025-07-29,18,0,1,1,0,496,1,1,0,4,4
497,497,Jane St / Bloor St W (Jane Subway Station),43.64976,-79.48477,2025-07-29,13,1,1,1,8,497,2,1,0,0,7
498,498,Dundas St E / Boulton Ave - SMART,43.663148,-79.347938,2025-07-29,15,0,1,1,1,498,1,1,0,1,7
499,499,Amos Waites Park,43.613606,-79.4883535,2025-07-29,26,0,1,1,0,499,0,0,0,2,8
500,500,King St E / River St,43.656784782853144,-79.35627385059036,2025-07-29,14,1,1,1,0,500,1,0,0,3,6
501,501,Lansdowne Subway Station,43.65922918158098,-79.44320901022282,2025-07-29,1,22,1,1,0,501,4,0,0,2,4
502,502,Twelfth St / Thirteenth St,43.6002896,-79.5108692,2025-07-29,21,0,1,1,0,502,1,0,0,2,7
503,503,Oak St / Sumach St,43.6617908,-79.361515,2025-07-29,27,0,1,1,0,503,2,0,0,2,6
504,504,Berkeley St / Dundas St E - SMART,43.658816,-79.367318,2025-07-29,25,13,1,1,2,504,2,1,0,1,6
505,505,Bathurst Subway Station,43.6666667,-79.41166666666668,2025-07-29,5,16,1,1,1,505,1,1,1,1,6
506,506,King St W / Fraser Ave,43.6394444,-79.42527777777778,2025-07-29,10,4,1,1,0,506,1,1,1,0,7
507,507,Dundas St W / St Helen's Ave - SMART,43.6504218,-79.4407647,2025-07-29,2,23,1,1,0,507,2,0,1,3,4
508,508,Kingston Rd / Warden Ave,43.68824135931814,-79.27046628033244,2025-07-29,4,10,1,1,0,508,0,0,1,0,9
509,509,Cruickshank Park,43.7023860650084,-79.52594758324148,2025-07-29,0,11,1,1,0,509,0,0,2,0,8
510,510,York Mills Rd / Lesmill Rd,43.7549215557014,-79.35174838465576,2025-07-29,9,3,1,1,0,510,1,0,0,0,9
511,511,Dufferin St / Bloor St W,43.66083333333333,-79.43583333333333,2025-07-29,0,22,1,1,0,511,3,1,1,1,4
512,512,Pioneer Village Subway Station,43.77649016265579,-79.5085364909097,2025-07-29,10,0,1,1,0,512,1,0,0,0,9
513,513,Yonge St / Dundonald St ,43.66596010067729,-79.38461360978698,2025-07-29,0,26,1,1,0,513,3,0,1,1,5
514,514,Church St / Alexander St,43.663722,-79.380288,2025-07-29,4,29,1,1,1,514,3,0,3,0,4
515,515,Riverdale Park South (Broadview Ave),43.667819,-79.35347,2025-07-29,3,11,1,1,0,515,0,0,0,5,5
516,516,552 Birchmount Rd,43.71176278859601,-79.27028152889692,2025-07-29,1,14,1,1,0,516,0,0,1,2,7
517,517,Shaughnessy Blvd / Sheppard Ave E,43.77351462694018,-79.35306224113921,2025-07-29,12,1,1,1,0,517,0,0,1,1,8
518,518,Jane St / Finch Ave W,43.759292283169536,-79.5183741465576,2025-07-29,10,5,1,1,0,518,0,0,2,0,8
519,519,King St W / Wilson Park Blvd,43.6372958,-79.4423237,2025-07-29,4,14,1,1,2,519,0,0,0,3,7
520,520,Beltline Trail / Chaplin Cres,43.704461,-79.423122,2025-07-29,2,12,1,1,2,520,2,0,2,1,5
521,521,Howard St / Sherbourne St,43.6712581,-79.376367,2025-07-29,2,27,1,1,0,521,2,0,2,1,5
522,522,Benshire Dr / The Meadoway,43.76174092019504,-79.24473961415558,2025-07-29,0,11,1,1,0,522,2,0,0,2,6
523,523,St Clarens Ave / College St,43.651238,-79.43868,2025-07-29,5,8,1,1,1,523,3,0,1,3,3
524,524,11 Spadina Rd,43.6677246,-79.4041365,2025-07-29,0,14,1,1,0,524,2,1,1,2,4
525,525,Brookdale Ave / Yonge St,43.72991999271573,-79.40372719797139,2025-07-29,2,12,1,1,2,525,1,0,0,1,8
526,526,Victoria Park Ave / Kingston Rd,43.68035,-79.28357,2025-07-29,1,13,1,1,1,526,4,0,0,0,6
527,527,Palmerston Ave / Dundas St W,43.651603,-79.408346,2025-07-29,15,5,1,1,2,527,2,0,1,0,7
528,528,Old Cummer GO Station,43.79442338280241,-79.36925879507179,2025-07-29,13,7,1,1,0,528,0,0,0,2,8
529,529,Strachan Ave / East Liberty St - SMART,43.63906470236988,-79.41080996164456,2025-07-29,21,2,1,1,1,529,0,1,1,5,3
530,530,Tommy Thompson Park (Leslie Street Spit),43.65222662225532,-79.32295440954084,2025-07-29,8,18,1,1,0,530,0,0,2,3,2
531,531,Eglinton Ave E / Mason Rd ,43.742037440522616,-79.22488680080262,2025-07-29,2,9,1,1,0,531,0,0,1,0,9
532,532,Grenville St / Yonge St ,43.662029346625715,-79.38360958402289,2025-07-29,2,11,1,1,1,532,4,0,1,0,5
533,533,Livingston Rd / Guildwood Pkwy,43.747854,-79.199327,2025-07-29,0,19,1,1,0,533,1,0,2,4,3
534,534,Polson Pier,43.641675,-79.354006,2025-07-29,2,19,1,1,0,534,1,0,6,3,0
535,535,Cherry Beach,43.637764,-79.345359,2025-07-29,27,19,1,1,0,535,1,0,4,4,1
536,536,Little Norway Park,43.635023,-79.399505,2025-07-29,15,2,1,1,0,536,0,0,0,8,2
537,537,Heyworth Cres / Kingston Rd,43.6750806,-79.3068697,2025-07-29,15,4,1,1,1,537,4,0,0,2,4
538,538,Hillsdale Ave W / Yonge St,43.7029672,-79.3979073,2025-07-29,2,13,1,1,1,538,1,0,0,2,7
539,539,Christie St / Dupont St,43.67168,-79.421192,2025-07-29,2,15,1,1,0,539,0,1,0,1,8
540,540,Victoria Park Subway Station - SMART,43.695101521988285,-79.28970303201599,2025-07-29,3,8,1,1,0,540,0,0,0,0,10
541,541,Opposite 1103 Leslie St,43.72093164598881,-79.34989416350709,2025-07-29,13,3,1,1,0,541,0,0,1,3,6
542,542,Elm St/ University Ave (East Side),43.65637299999999,-79.38781039999999,2025-07-29,0,15,1,1,0,542,2,0,0,1,7
543,543,Queen St. E / Eastern Ave,43.667208,-79.312315,2025-07-29,2,10,1,1,0,543,1,0,1,2,6
544,544,75 Tandridge Cres,43.729578273586064,-79.54699793872719,2025-07-29,4,11,1,1,0,544,0,0,2,3,5
545,545,McRae Dr / Laird Dr - SMART,43.70979296822595,-79.36389214460489,2025-07-29,13,11,1,1,1,545,1,1,1,0,7
546,546,Gerrard St E / Broadview Ave  - SMART,43.665656,-79.352055,2025-07-29,16,2,1,1,0,546,0,0,0,2,8
547,547,Yonge St / Bloor St,43.669969,-79.386532,2025-07-29,0,18,1,1,0,547,1,0,0,0,9
548,548,King St W / York St (2),43.647968822765,-79.38316961352653,2025-07-29,0,17,1,1,0,548,3,0,0,0,7
549,549,Lisgar St / Dundas St W - SMART,43.6493472,-79.42668,2025-07-29,1,4,1,1,1,549,2,0,3,0,5
550,550,College St / Henry St ,43.6591529,-79.3947953,2025-07-29,0,13,1,1,0,550,2,1,0,3,4
551,551,Sherbourne St / Isabella St,43.669576,-79.375961,2025-07-29,9,9,1,1,2,551,4,0,2,1,3
552,552,Front St E / Cooperage St,43.65296378015573,-79.35711048354281,2025-07-29,19,0,1,1,0,552,1,0,0,3,6
553,553,Yonge St / Alexander St - SMART,43.662862,-79.383572,2025-07-29,3,12,1,1,0,553,3,0,2,0,5
554,554,Fort York Blvd / Grand Magazine St,43.63758782904466,-79.40314232209015,2025-07-29,14,2,1,1,1,554,1,2,0,5,2
555,555,Bathurst St / Sheppard Ave W,43.7551762288098,-79.43812182651081,2025-07-29,3,10,1,1,0,555,0,0,0,2,8
556,556,Kennedy Rd/Ranstone Gdns (Jack Goodlad Park),43.74190570940633,-79.27181887640458,2025-07-29,1,14,1,1,1,556,0,0,0,3,7
557,557,Dundas St W / Prince Edward Dr N,43.660324268765464,-79.51154350422973,2025-07-29,1,16,1,1,1,557,1,0,0,2,7
558,558,Royal York Rd / Lake Shore Blvd W,43.6029904,-79.4926867,2025-07-29,17,0,1,1,0,558,0,0,0,2,8
559,559,Armoury St / Chestnut St,43.65351799690878,-79.38591063795928,2025-07-29,1,8,1,1,0,559,2,0,0,1,7
560,560,Humberside Grounds - SMART,43.65917,-79.46997,2025-07-29,1,18,1,1,1,560,1,0,2,1,6
561,561,Lower Sherbourne St / The Esplanade,43.648655,-79.367061,2025-07-29,23,0,1,1,0,561,1,0,0,3,6
562,562,Symes Rd / Glen Scarlett Rd - SMART,43.673391524931525,-79.47798367814572,2025-07-29,0,16,1,1,0,562,2,0,1,0,7
563,563,Bloor St W / Riverside Dr,43.647663,-79.487583,2025-07-29,6,15,1,1,0,563,2,1,0,0,7
564,564,Goodwood Park Crt / Dentonia Park,43.694826,-79.295208,2025-07-29,0,18,1,1,0,564,0,0,1,5,4
565,565,Dundas St W / Crawford St,43.649722,-79.416944,2025-07-29,3,41,1,1,2,565,4,0,1,1,4
566,566,Amroth Ave / Danforth Ave,43.6856128,-79.31168269999999,2025-07-29,7,12,1,1,3,566,1,0,1,1,7
567,567,Homewood Ave / Wellesley St E - SMART,43.666978011780685,-79.37594518686855,2025-07-29,5,6,1,1,3,567,3,0,1,1,5
568,568,Downsview Park Subway Station - SMART,43.753107,-79.479626,2025-07-29,1,19,1,1,0,568,0,0,0,1,9
569,569,Strachan Ave / Princes' Blvd,43.635,-79.4088888888889,2025-07-29,9,7,1,1,0,569,1,1,1,5,2
570,570,Alameda Ave / Vaughan Rd - SMART,43.690903,-79.4375028,2025-07-29,0,16,1,1,0,570,0,0,0,2,8
571,571,Sheppard Ave E / Leslie St,43.77114830031903,-79.36381166455688,2025-07-29,16,3,1,1,0,571,0,0,0,0,10
572,572,Merton St / Mount Pleasant Rd,43.697819,-79.38786,2025-07-29,4,19,1,1,0,572,1,0,0,2,7
573,573,King St W / Tecumseth St,43.64333333333333,-79.40555555555557,2025-07-29,13,5,1,1,0,573,0,2,2,4,2
574,574,Simcoe St / King St W,43.647508351306186,-79.38604436555764,2025-07-29,0,10,1,1,0,574,2,2,0,1,5
575,575,Mill St / Parliament St,43.650256,-79.36163,2025-07-29,13,1,1,1,0,575,1,0,0,2,7
576,576,Queen St E / Rhodes Ave,43.666224,-79.317693,2025-07-29,12,9,1,1,1,576,1,0,0,3,6
577,577,High Park Blvd / Parkside Dr,43.64456431942226,-79.45737058972283,2025-07-29,13,0,1,1,2,577,0,0,0,6,4
578,578,Gerrard Square Mall (1010 Gerrard St E),43.668553,-79.338673,2025-07-29,21,2,1,1,2,578,1,1,0,1,7
579,579,Jane St / Haney Ave,43.6743457123134,-79.4948437786083,2025-07-29,2,17,1,1,2,579,0,0,1,2,7
580,580,Talbot Rd / Finch Hydro Corridor,43.78225298110634,-79.42367062831116,2025-07-29,3,11,1,1,0,580,0,0,0,1,9
581,581,Davenport Rd / Christie St,43.675278,-79.423889,2025-07-29,4,22,1,1,0,581,0,1,1,0,8
582,582,York St / Queen St W (City Hall),43.65160619179464,-79.38404693334348,2025-07-29,0,22,1,1,0,582,4,0,0,0,6
583,583,St. George St / Hoskin Ave,43.6637403,-79.39806449999999,2025-07-29,1,12,1,1,1,583,2,0,0,2,6
584,584,Felstead Ave/Gillard Ave (Monarch Park),43.6791345,-79.3263159,2025-07-29,9,18,1,1,0,584,3,1,0,1,5
585,585,Lumsden Ave / Cedarvale Ave,43.693187,-79.314283,2025-07-29,4,6,1,1,3,585,1,0,1,3,5
586,586,Jarvis St / Maitland Pl,43.6647688,-79.3772602,2025-07-29,4,11,1,1,0,586,2,0,2,0,6
587,587,Livingston Rd (Highland Creek Trail),43.7561681,-79.2026694,2025-07-29,0,18,1,1,0,587,0,0,2,2,6
588,588,Hawksbury Dr / Sheppard Ave E ,43.76816239444779,-79.38312075158996,2025-07-29,5,5,1,1,0,588,0,0,0,1,9
589,589,College Park - Yonge St Entrance,43.65988,-79.38279,2025-07-29,6,18,1,1,1,589,2,0,1,0,7
590,590,Maida Vale Park,43.73310396818645,-79.27702819926358,2025-07-29,5,6,1,1,0,590,0,0,1,0,9
591,591,Birchmount Rd / Kingston Rd,43.69401297794256,-79.26257204548136,2025-07-29,9,5,1,1,2,591,1,0,0,2,7
592,592,Richmond St W / Bathurst St,43.64666748425228,-79.40299591349182,2025-07-29,13,0,1,1,0,592,0,1,2,1,6
593,593,Kingston Rd / Ridgemoor Ave,43.70643614257429,-79.25104443353288,2025-07-29,3,9,1,1,2,593,0,2,1,0,7
594,594,Shaw St / College St,43.6551193,-79.4201454,2025-07-29,10,1,1,1,0,594,3,0,1,0,6
595,595,Mabelle Park,43.645389479325615,-79.5276822170925,2025-07-29,0,15,1,1,0,595,2,0,1,0,7
596,596,Lake Shore Blvd W / Seventeenth St,43.59841926031898,-79.51561102394257,2025-07-29,10,0,1,1,0,596,1,0,1,1,7
597,597,111 Broadview Ave,43.6593483,-79.34993659999999,2025-07-29,14,0,1,1,0,597,2,0,0,2,6
598,598,Colonel Danforth Park,43.7777114,-79.1659711,2025-07-29,8,10,1,1,0,598,0,0,1,1,8
599,599,Ionview Rd / Eglinton Ave E,43.73170279350989,-79.27149201786922,2025-07-29,4,6,1,1,2,599,0,0,0,0,10
600,600,Spadina Ave / Adelaide St W,43.6472019,-79.3953394,2025-07-29,1,12,1,1,0,600,1,1,1,0,7
601,601,Joseph J Piccininni Community Centre,43.675648,-79.4527619,2025-07-29,0,17,1,1,0,601,0,0,1,2,7
602,602,Exhibition GO (Atlantic Ave),43.637695491830144,-79.42023184193503,2025-07-29,0,14,1,1,0,602,1,1,1,1,6
603,603,Rockcliffe Blvd / Alliance Ave,43.67651939727437,-79.48942027086547,2025-07-29,1,7,1,1,0,603,3,0,0,3,4
604,604,Broadview Ave / Westwood Ave,43.6848652,-79.356602,2025-07-29,11,11,1,1,2,604,1,2,0,1,6
605,605,Western Battery Rd / Pirandello St,43.640075,-79.414156,2025-07-29,26,1,1,1,1,605,0,1,1,3,5
606,606,Ward's Island Ferry Dock,43.62946009688497,-79.35615465421839,2025-07-29,24,1,1,1,0,606,0,0,3,4,2
607,607,Gibraltar Point Beach,43.613194,-79.387683,2025-07-29,7,27,1,1,0,607,0,0,0,1,0
608,608,Gordonridge Pl / Danforth Rd,43.72729077290258,-79.25237907196654,2025-07-29,1,14,1,1,1,608,2,0,0,2,6
609,609,Bathurst St / Front St W,43.64134790000001,-79.4013882,2025-07-29,29,0,1,1,0,609,1,2,0,2,5
610,610,Queen St E / Nursewood Rd,43.673831,-79.281455,2025-07-29,18,0,1,1,0,610,4,0,0,0,6
611,611,Kingston Rd / Markham Rd,43.73878438927323,-79.21746485700835,2025-07-29,2,13,1,1,0,611,1,0,0,0,9
612,612,Danforth Ave / Gough Ave,43.678401,-79.346289,2025-07-29,10,13,1,1,1,612,1,1,1,2,5
613,613,E.T. Seton Park (Eglinton Ave E / Leslie St),43.715951,-79.351246,2025-07-29,12,13,1,1,0,613,0,0,0,4,6
614,614,Brimley Rd / McCowan District Park,43.72704086366749,-79.24391402446746,2025-07-29,8,10,1,1,0,614,2,0,0,1,7
615,615,36 Park Lawn Rd,43.62369169999999,-79.4838132,2025-07-29,5,9,1,1,1,615,0,0,1,3,6
616,616,Bridlewood Park,43.783271135570466,-79.31732800144945,2025-07-29,0,10,1,1,0,616,0,0,0,1,9
617,617,Simcoe St / Wellington St W North,43.6462176,-79.3855048,2025-07-29,0,13,1,1,0,617,2,2,0,1,5
618,618,Humber Bay Shores Park East,43.6308933,-79.4722622,2025-07-29,18,4,1,1,1,618,1,0,1,3,5
619,619,Ridge Rd / Wilson Ave ,43.723786959308256,-79.49416269814759,2025-07-29,3,16,1,1,0,619,0,0,1,0,9
620,620,2300 Lakeshore Blvd W,43.61868,-79.48674,2025-07-29,12,0,1,1,0,620,0,0,0,3,7
621,621,Wellesley St E / Jarvis St,43.6662047,-79.37901219999999,2025-07-29,2,19,1,1,1,621,3,0,3,1,3
622,622,Howard Park Ave / Parkside Dr,43.648657,-79.458111,2025-07-29,5,9,1,1,1,622,1,0,1,5,3
623,623,Ramsden Park,43.676184561302776,-79.38962496400146,2025-07-29,1,14,1,1,1,623,1,0,0,1,8
624,624,Sackville St / Eastern Ave - SMART,43.653809,-79.3595,2025-07-29,11,0,1,1,0,624,1,0,0,3,6
625,625,Willingdon Blvd / Bloor St W (Green P),43.64817,-79.510392,2025-07-29,1,13,1,1,1,625,2,0,0,0,8
626,626,Niagara St / Richmond St W,43.64534,-79.409597,2025-07-29,31,8,1,1,0,626,2,1,2,3,2
627,627,Simcoe St / Pullan Pl,43.65105290412541,-79.38764943227872,2025-07-29,1,44,1,1,0,627,2,1,0,1,6
628,628,Dalton Rd / Bloor St W,43.6662942,-79.4066433,2025-07-29,0,11,1,1,0,628,1,1,1,1,6
629,629,Bond Ave / Don Mills Trail,43.74475834253035,-79.35348069940567,2025-07-29,5,14,1,1,0,629,0,0,2,2,6
630,630,Grenoble Dr / Gateway Blvd,43.71513211098082,-79.33413623320465,2025-07-29,11,3,1,1,0,630,0,0,0,1,9
631,631,King St E / Victoria St,43.6495789,-79.3762096,2025-07-29,12,6,1,1,0,631,2,1,0,2,5
632,632,Kendal Ave / Bernard Ave,43.671513,-79.408317,2025-07-29,3,12,1,1,0,632,1,1,1,1,6
633,633,Oak St / Sackville St,43.6613642,-79.3641171,2025-07-29,16,0,1,1,0,633,2,0,0,3,5
634,634,Hanna Ave / Liberty St,43.638608601636705,-79.41965437361068,2025-07-29,10,17,1,1,3,634,1,1,1,1,6
635,635,Kendal Ave / Spadina Rd,43.670318,-79.405181,2025-07-29,0,8,1,1,0,635,1,1,0,2,6
636,636,McGill St / Church St,43.660694,-79.379052,2025-07-29,7,7,1,1,0,636,3,0,1,0,6
637,637,Lynn Williams St / Pirandello St ,43.63912451479701,-79.41423166721611,2025-07-29,15,0,1,1,0,637,0,1,1,3,5
638,638,Coronation Park (Martin Goodman Trail),43.635007,-79.403341,2025-07-29,5,11,1,1,0,638,0,1,0,8,1
639,639,Waterfront Trail (Rouge Hill),43.778015,-79.131911,2025-07-29,7,4,1,1,0,639,0,0,0,4,5
640,640,Summerhill Subway Station,43.68201189061227,-79.39130701852416,2025-07-29,0,10,1,1,0,640,1,0,0,2,7
641,641,Walter Saunders Park,43.699327072589426,-79.4493630391668,2025-07-29,2,10,1,1,2,641,0,0,0,1,9
642,642,Broadview Subway Station,43.6772,-79.35858,2025-07-29,11,2,1,1,1,642,1,1,0,2,6
643,643,Beaty Ave / Queen St W,43.6393107,-79.4408141,2025-07-29,11,6,1,1,0,643,0,0,1,1,8
644,644,Gilder Dr / Midland Ave,43.7365986,-79.2578451,2025-07-29,8,7,1,1,0,644,1,0,2,0,7
645,645,East Lynn Ave / Danforth Ave,43.6850809,-79.3149901,2025-07-29,2,10,1,1,1,645,1,0,0,1,8
646,646,Humber Bay Shores Park / Marine Parade Dr,43.626265,-79.476723,2025-07-29,14,47,1,1,0,646,1,0,1,2,6
647,647,Wilket Creek Park,43.720645,-79.355474,2025-07-29,7,19,1,1,0,647,0,0,1,5,4
648,648,Balliol St / Yonge St - SMART,43.6978701,-79.39419,2025-07-29,16,19,1,1,1,648,1,0,0,3,6
649,649,Cherry St / Distillery Ln,43.650279,-79.356832,2025-07-29,11,1,1,1,1,649,1,0,1,3,5
650,650,Ellis Ave / The Queensway,43.63855,-79.46693,2025-07-29,13,0,1,1,0,650,0,0,0,8,2
651,651,Ulster St / Bathurst St,43.66,-79.4088888888889,2025-07-29,1,7,1,1,0,651,1,1,0,0,8
652,652,Hayter St / La Plante Ave,43.6591666666667,-79.3855555555556,2025-07-29,3,18,1,1,1,652,2,0,0,0,8
653,653,Lisgar St / Queen St W - SMART,43.64299174164139,-79.42355911563249,2025-07-29,16,0,1,1,1,653,2,0,1,0,7
654,654,King's Mill Park,43.64920406876699,-79.49336334201408,2025-07-29,8,19,1,1,2,654,1,1,0,1,7
655,655,Richmond St E / Jarvis St Green P,43.652634,-79.374222,2025-07-29,2,14,1,1,0,655,2,1,0,2,5
656,656,Scrivener Sq / Yonge St,43.680566503025645,-79.3908297264401,2025-07-29,0,15,1,1,0,656,1,0,0,1,8
657,657,Rogers Rd / Bicknell Ave,43.68189526215492,-79.4736382392868,2025-07-29,0,23,1,1,0,657,0,0,2,0,8
658,658,Soudan Ave / Yonge St ,43.70430959999999,-79.3972815,2025-07-29,8,10,1,1,0,658,1,0,0,2,7
659,659,Ferrand Dr / Rochefort Dr,43.719632535237835,-79.33199950866776,2025-07-29,3,15,1,1,0,659,0,0,0,2,8
660,660,Yonge St / Orchard View Blvd,43.7083577,-79.39886200000001,2025-07-29,20,13,1,1,0,660,0,2,0,1,7
661,661,East Liberty St / Western Battery Rd,43.6392777,-79.4115736,2025-07-29,17,0,1,1,0,661,0,1,1,5,3
662,662,Yonge St / North York Blvd,43.76726589934926,-79.41263489814757,2025-07-29,3,20,1,1,0,662,0,1,0,1,8
663,663,Lake Shore Blvd W / Thirty Ninth Street,43.5927419,-79.54033009999999,2025-07-29,6,13,1,1,0,663,1,0,0,2,7
664,664,Euclid Ave / Bloor St W,43.664467,-79.414783,2025-07-29,0,17,1,1,0,664,2,1,0,1,6
665,665,Dundas St E / Parliament St,43.659575,-79.365769,2025-07-29,13,0,1,1,1,665,2,0,0,2,6
666,666,Lisgar Park,43.6423847,-79.4240277,2025-07-29,33,1,1,1,3,666,2,0,1,0,7
667,667,Lake Shore Blvd W / Long Branch Ave,43.59445833196281,-79.53387390859834,2025-07-29,1,8,1,1,0,667,0,0,1,1,8
668,668,Lillian St / Soudan Ave - SMART,43.70607287248461,-79.39356161653288,2025-07-29,10,22,1,1,0,668,1,0,0,1,8
669,669,Cosburn Ave / Donlands Ave,43.690537,-79.341307,2025-07-29,10,6,1,1,0,669,1,0,0,1,8
670,670,Luttrell Ave / Danforth Ave,43.6897656,-79.2939525,2025-07-29,0,15,1,1,0,670,1,0,2,0,7
671,671,Jane St / Queens Dr,43.70673804962302,-79.50477543802873,2025-07-29,0,13,1,1,0,671,0,0,0,1,9
672,672,Bloor St W / High Park Ave (High Park),43.6535269,-79.4650569,2025-07-29,13,8,1,1,3,672,0,0,2,4,4
673,673,Scarlett Rd / Eileen Ave,43.668510906505354,-79.5007648392868,2025-07-29,1,13,1,1,0,673,0,0,0,1,9
674,674,Front St E / Scott St,43.6476616,-79.37549,2025-07-29,4,4,1,1,0,674,4,0,0,2,4
675,675,Queen St W / Dovercourt Rd,43.6438602,-79.4227573,2025-07-29,9,0,1,1,0,675,3,1,1,0,5
676,676,Warden Ave / The Meadoway,43.735547813563755,-79.2905190837737,2025-07-29,9,1,1,1,0,676,0,0,1,1,8
677,677,Lake Shore Blvd W / Ellis Ave,43.635932,-79.465083,2025-07-29,14,1,1,1,0,677,0,1,1,6,2
678,678,Dundas St W / St. Patrick St,43.6545174,-79.3895315,2025-07-29,8,6,1,1,0,678,3,0,0,1,6
679,679,Yonge St / Golfdale Rd,43.732016,-79.403637,2025-07-29,2,13,1,1,2,679,1,0,0,1,8
680,680,Ossington Ave / Harrison St,43.651111111111106,-79.4213888888889,2025-07-29,10,7,1,1,0,680,4,0,1,0,5
681,681,35 Erindale Ave,43.67729,-79.35741,2025-07-29,14,8,1,1,12,681,1,2,0,2,5
682,682,Adelaide St W / Strachan Ave,43.643253094827294,-79.41230469904167,2025-07-29,5,9,1,1,0,682,1,1,1,3,4
683,683,Duncan Mill Rd / Valleybrook Dr,43.76167125342455,-79.35258302698364,2025-07-29,5,10,1,1,1,683,1,0,0,1,8
684,684,The Kingsway / Ashley Rd,43.66279594478841,-79.51959827976225,2025-07-29,1,12,1,1,0,684,0,0,0,2,8
685,685,Northern Dancer Blvd / Lake Shore Blvd E,43.663162,-79.309765,2025-07-29,3,22,1,1,1,685,2,0,1,2,5
686,686,Weston Rd / St. Clair Ave W,43.673019,-79.467994,2025-07-29,0,17,1,1,0,686,3,0,1,0,6
687,687,Albany Ave / Dupont St,43.67348899977229,-79.41339520555726,2025-07-29,6,9,1,1,0,687,1,2,0,1,6
688,688,Concord Ave / Dewson St,43.656945,-79.424911,2025-07-29,16,1,1,1,2,688,3,1,0,2,4
689,689,Dufferin St / Finch Corridor Trail,43.7724019,-79.4675395,2025-07-29,1,17,1,1,0,689,0,1,0,1,8
690,690,1525 Dundas St W,43.64957,-79.432446,2025-07-29,12,1,1,1,2,690,0,0,1,2,7
691,691,Princess St / Front St E,43.65029757496104,-79.36648460341635,2025-07-29,13,0,1,1,0,691,1,1,0,3,5
692,692,Pharmacy Ave / Danforth Ave,43.6929478,-79.28339980000001,2025-07-29,1,14,1,1,0,692,0,0,0,0,10
693,693,Scarborough Village Park,43.74715113437855,-79.21450235913849,2025-07-29,0,11,1,1,0,693,1,0,2,0,7
694,694,Scott St / The Esplanade,43.64659663170443,-79.37530913867988,2025-07-29,7,12,1,1,0,694,3,0,0,2,5
695,695,St. Clair Ave W / Gunns Rd,43.672079,-79.470171,2025-07-29,1,21,1,1,0,695,3,0,1,0,6
696,696,Sorauren Ave / Geoffrey St - SMART,43.649172,-79.4445087,2025-07-29,4,10,1,1,0,696,1,0,1,2,6
697,697,Downsview Park Blvd / Keele St  - SMART,43.73673829262113,-79.48227195568086,2025-07-29,12,7,1,1,0,697,0,0,0,0,10
698,698,Winona Dr / Davenport Rd,43.674923,-79.430465,2025-07-29,1,7,1,1,1,698,0,1,2,0,7
699,699,Bloor St W / Manning Ave - SMART,43.663912,-79.416124,2025-07-29,1,40,1,1,1,699,2,2,0,1,5
700,700,Gerrard St E / Victoria Park Ave - SMART,43.686962,-79.286864,2025-07-29,1,15,1,1,0,700,3,0,1,0,6
701,701,Toronto Inukshuk Park,43.6323994,-79.40978179999999,2025-07-29,19,22,1,1,0,701,1,0,0,7,2
702,702,Finch Ave E / Midland Ave,43.80356565011367,-79.28669605472409,2025-07-29,1,14,1,1,0,702,0,0,0,0,10
703,703,Mount Pleasant Rd / Davisville Ave - SMART,43.70088225686968,-79.38736016665911,2025-07-29,0,15,1,1,0,703,2,0,0,2,6
704,704,Finch Subway Station ,43.781877158752955,-79.41528502874928,2025-07-29,0,19,1,1,0,704,0,0,0,1,9
705,705,Wilson Ave / Transit Rd (TTC Subway Station),43.733458993753736,-79.45338806896149,2025-07-29,8,15,1,1,0,705,0,0,0,0,10
706,706,Maxome Ave / Finch Hydro Corridor,43.78611619378111,-79.40039054088744,2025-07-29,1,18,1,1,1,706,0,0,0,5,5
707,707,Willcocks St / St. George St,43.662085,-79.397735,2025-07-29,0,15,1,1,0,707,1,0,0,2,7
708,708,Queens Quay E / Lower Sherbourne St,43.645215,-79.364898,2025-07-29,23,0,1,1,0,708,1,1,0,4,4
709,709,Bridgman Ave / Kendal Ave,43.675556,-79.410278,2025-07-29,0,13,1,1,0,709,0,1,0,1,8
710,710,Langford Ave / Danforth Ave - SMART,43.6800218,-79.3405681,2025-07-29,21,10,1,1,0,710,0,1,1,2,6
711,711,St. George St / Willcocks St,43.662452744495575,-79.3978384219513,2025-07-29,0,33,1,1,0,711,1,0,0,2,7
712,712,Prudential Dr / Midland Ave,43.74956621257908,-79.26572190926208,2025-07-29,2,12,1,1,2,712,0,0,0,0,10
713,713,Eglinton Ave W / Ennerdale Rd,43.69503234860984,-79.45302971031188,2025-07-29,1,13,1,1,1,713,0,0,1,1,8
714,714,Wallace Ave / Pauline Ave,43.6632257,-79.4397052,2025-07-29,3,13,1,1,0,714,3,0,1,1,5
715,715,Lonsdale Rd / Spadina Rd,43.688526,-79.412903,2025-07-29,2,10,1,1,2,715,0,0,1,1,8
716,716,Parkway Forest Dr / Forest Manor Rd (North),43.77470557954765,-79.34275329457512,2025-07-29,1,16,1,1,0,716,0,0,1,0,9
717,717,Concord Ave / Bloor St W (South),43.66147387159032,-79.4267678838427,2025-07-29,0,8,1,1,0,717,3,1,0,2,4
718,718,Roncesvalles Ave / Fermanagh Ave,43.646314469245205,-79.44879407014527,2025-07-29,11,4,1,1,3,718,2,0,1,2,5
719,719,Warden Subway Station,43.71161098023304,-79.28055565662231,2025-07-29,2,16,1,1,0,719,1,0,0,4,5
720,720,Riverdale Park North (Broadview Ave),43.671172,-79.354704,2025-07-29,0,14,1,1,0,720,1,0,0,4,5
721,721,803 Richmond St W,43.644381896942434,-79.4108533793123,2025-07-29,14,6,1,1,0,721,2,1,2,3,2
722,722,Queen St E / Berkeley St,43.6552778,-79.36583333333333,2025-07-29,10,4,1,1,0,722,1,1,0,3,5
723,723,Queen St. E / Spruce Hill Rd.,43.672571,-79.289,2025-07-29,15,0,1,1,5,723,2,0,0,4,4
724,724,Gerrard St E / Main St,43.684261,-79.299332,2025-07-29,2,19,1,1,0,724,0,0,2,0,8
725,725,Bay St / Queens Quay W (Ferry Terminal),43.640978,-79.376785,2025-07-29,1,33,1,1,0,725,1,0,0,2,7
726,726,Wellesley Station Green P,43.66496415990742,-79.38355031526893,2025-07-29,9,3,1,1,7,726,3,0,3,1,3
727,727,Baldwin St / Spadina Ave - SMART,43.654905,-79.398448,2025-07-29,2,15,1,1,0,727,0,2,2,1,5
728,728,Tyndall Ave / King St W - SMART,43.638426,-79.429142,2025-07-29,6,9,1,1,1,728,0,0,2,1,7
729,729,Front St W / Blue Jays Way,43.643473,-79.390477,2025-07-29,3,10,1,1,0,729,1,3,1,2,3
730,730,Gerrard St E / River St,43.663993,-79.358534,2025-07-29,8,1,1,1,0,730,2,0,0,3,5
731,731,King St E / Jarvis St,43.650325,-79.372287,2025-07-29,6,17,1,1,0,731,2,1,0,3,4
732,732,Bay St / Harbour St ,43.64215,-79.377,2025-07-29,0,21,1,1,0,732,1,1,0,2,6
733,733,Thompson St / Carroll St,43.65907064983235,-79.35240134225845,2025-07-29,9,9,1,1,2,733,2,0,0,2,6
734,734,Hillsdale Ave E / Mount Pleasant Rd,43.70512126615395,-79.3890271081274,2025-07-29,8,7,1,1,2,734,1,0,0,1,8
735,735,Bloor St W / Kingsmill Rd,43.64927890131737,-79.50312995581972,2025-07-29,0,11,1,1,0,735,1,0,0,0,9
736,736,Don Mills Rd / Fairview Mall Dr,43.77888550790407,-79.34837169762268,2025-07-29,3,10,1,1,0,736,0,0,1,0,9
737,737,Berkeley St / Adelaide St E - SMART,43.653359,-79.365023,2025-07-29,12,0,1,1,1,737,0,1,1,1,7
738,738,Front St W / University Ave (1),43.6451635,-79.3831757,2025-07-29,2,14,1,1,0,738,1,2,1,1,5
739,739,Danforth Rd / Birchmount Rd ,43.70688,-79.26850999999999,2025-07-29,1,14,1,1,1,739,0,0,3,0,7
740,740,Dunn Ave / Queen St W,43.63952275421181,-79.43395976815727,2025-07-29,10,4,1,1,0,740,0,0,1,1,8
741,741,Braemar Ave / Eglinton Ave W,43.7041957,-79.4094472,2025-07-29,2,12,1,1,2,741,1,1,0,1,7
742,742,John St  / Mercer St - SMART,43.6461,-79.3895,2025-07-29,8,3,1,1,0,742,2,1,0,1,6
743,743,800 Fleet St (North),43.63682856154585,-79.40884160367011,2025-07-29,28,4,1,1,22,743,0,1,1,7,1
744,744,Village Green Square,43.77826306735535,-79.28174956176564,2025-07-29,1,13,1,1,0,744,1,0,1,0,8
745,745,25 York St – Union Station South,43.643667,-79.380414,2025-07-29,3,8,1,1,0,745,1,1,0,2,6
746,746,Lawrence Ave W / Marlee Ave,43.715552692740914,-79.4461544565374,2025-07-29,0,14,1,1,0,746,0,0,0,1,9
747,747,Nelson St / Duncan St,43.648711,-79.389728,2025-07-29,4,26,1,1,0,747,2,1,1,1,5
748,748,Finch Ave W / Bathurst St,43.77356135731388,-79.44404830910908,2025-07-29,2,16,1,1,0,748,1,0,0,1,8
749,749,Essex St / Christie St,43.6686111,-79.42027777777778,2025-07-29,12,7,1,1,1,749,1,3,0,1,5
750,750,Lawrence Ave W / Bathurst St,43.71901032217961,-79.43009089116728,2025-07-29,1,10,1,1,0,750,0,0,0,0,10
751,751,Eastwood Rd / Woodbine Ave - SMART,43.676216,-79.309395,2025-07-29,7,5,1,1,0,751,2,0,1,1,6
752,752,G Ross Lord Park,43.7781116,-79.467963,2025-07-29,0,19,1,1,0,752,1,0,1,2,6
753,753,Briar Hill Ave / Yonge St - SMART,43.713524,-79.400162,2025-07-29,0,16,1,1,0,753,0,1,0,3,6
754,754,D'Arcy St / McCaul St - SMART,43.655227,-79.39201,2025-07-29,1,13,1,1,0,754,2,1,0,1,6
755,755,Crawford St / Queen St W,43.645665,-79.415345,2025-07-29,17,1,1,1,0,755,3,0,1,1,5
756,756,Queen St W / Ossington Ave,43.643975,-79.419576,2025-07-29,9,31,1,1,2,756,3,0,1,0,6
757,757,Albany Ave / Bloor St W,43.66554144421798,-79.41010317605742,2025-07-29,0,11,1,1,0,757,1,1,1,0,7
758,758,Bloor St W / Shaw St - SMART,43.662403,-79.423098,2025-07-29,18,14,1,1,1,758,1,1,0,2,6
759,759,York St / Wellington St W (2),43.647043061824,-79.38314120681535,2025-07-29,0,26,1,1,0,759,3,1,0,0,6
760,760,Lumsden Ave / Eastdale Ave,43.69413548199171,-79.30058718775287,2025-07-29,3,17,1,1,1,760,0,0,2,5,3
761,761,Huntingwood Dr / Midland Ave,43.79684976584188,-79.28434245942852,2025-07-29,3,5,1,1,0,761,0,0,1,1,8
762,762,Parliament St / Aberdeen Ave,43.665278,-79.368333,2025-07-29,5,8,1,1,0,762,4,0,0,1,5
763,763,Driftwood Ave / Finch Corridor Trail,43.7603624,-79.5162777,2025-07-29,5,14,1,1,0,763,0,0,2,0,8
764,764,Keele St / Annette St,43.66402,-79.46418,2025-07-29,4,9,1,1,1,764,1,0,2,1,6
765,765,Lower Spadina Ave / Lake Shore Blvd W,43.638497,-79.39192,2025-07-29,13,2,1,1,0,765,1,3,1,3,2
766,766,Temperance St / Bay St,43.6506,-79.381285,2025-07-29,0,20,1,1,0,766,5,0,0,0,5
767,767,St. Clair Ave W / Robina Ave,43.68005,-79.43469,2025-07-29,1,14,1,1,0,767,0,0,1,0,9
768,768,Colgate Ave / Carlaw Ave,43.6623658,-79.3413344,2025-07-29,18,0,1,1,0,768,0,1,0,0,9
769,769,Park Lawn Rd / Berry Rd,43.63605238134247,-79.49325238769686,2025-07-29,6,6,1,1,0,769,0,0,1,4,5
770,770,Lake Shore Blvd E / Leslie St,43.659195,-79.329196,2025-07-29,15,3,1,1,0,770,0,0,0,1,9
771,771,51 Parliament St,43.652169,-79.362841,2025-07-29,18,0,1,1,0,771,1,0,0,3,6
772,772,Emmett Ave,43.68735514096443,-79.50623313806341,2025-07-29,1,17,1,1,0,772,0,0,0,3,7
773,773,York St / Harbour St (Love Park),43.64101663053319,-79.38035903750381,2025-07-29,9,4,1,1,0,773,1,1,0,2,6
774,774,Bloor St W / Dundas St W,43.6563889,-79.45166666666667,2025-07-29,1,14,1,1,0,774,2,0,1,1,6
775,775,Humber River Hospital ,43.72537884183677,-79.48719674218903,2025-07-29,5,9,1,1,0,775,0,0,0,0,10
776,776,60 Carl Hall Rd - SMART,43.74796393423666,-79.47521217354125,2025-07-29,13,7,1,1,0,776,0,0,2,2,6
777,777,Duncanwoods Dr / Finch Ave W,43.749068527534874,-79.55757362042176,2025-07-29,0,15,1,1,0,777,0,0,1,0,9
778,778,Bay St / St. Joseph St,43.665527,-79.387499,2025-07-29,0,14,1,1,0,778,2,0,0,2,6
779,779,Yonge St / Dundas Sq,43.655766,-79.3802,2025-07-29,8,18,1,1,0,779,1,0,0,0,9
780,780,Bay St / College St (West Side) - SMART,43.660087,-79.385655,2025-07-29,1,12,1,1,0,780,3,0,0,0,7
781,781,Pearldale Ave / Finch Ave W,43.74802633218643,-79.56258689333565,2025-07-29,1,10,1,1,0,781,0,0,1,1,8
782,782,Amelia St / Sumach St,43.66852,-79.363525,2025-07-29,4,4,1,1,3,782,2,0,0,3,5
783,783,Bond St / Queen St E,43.653236,-79.376716,2025-07-29,1,31,1,1,0,783,2,1,0,1,6
784,784,Church St / Dundas St E - SMART,43.657024,-79.377257,2025-07-29,2,15,1,1,0,784,1,0,0,0,9
785,785,Arlington Parkette,43.69105005197055,-79.43281746494293,2025-07-29,1,14,1,1,1,785,0,0,0,5,5
786,786,Mortimer Ave / Carlaw Ave SMART,43.685167,-79.34962,2025-07-29,7,3,1,1,4,786,1,1,1,0,7
787,787,Kingston Rd / Beech Ave,43.680095,-79.291714,2025-07-29,2,11,1,1,2,787,2,0,1,0,7
788,788,Saulter St / Queen St E - SMART,43.65897697159562,-79.34715316627046,2025-07-29,13,2,1,1,0,788,2,0,0,2,6
789,789,Rusholme Park Cres / College St,43.65277778,-79.42972222,2025-07-29,11,3,1,1,0,789,1,0,3,1,5
790,790,Boston Ave / Queen St E- SMART,43.661601650964336,-79.33894582857273,2025-07-29,11,0,1,1,1,790,0,1,0,0,9
791,791,Augusta Ave / Dundas St W,43.652473,-79.401456,2025-07-29,9,3,1,1,2,791,1,1,3,0,5
792,792,Hocken Ave / Vaughan Rd,43.6817346,-79.4184725,2025-07-29,3,16,1,1,2,792,0,0,1,1,8
793,793,12 Harbour St,43.6425636,-79.3762,2025-07-29,11,2,1,1,1,793,1,0,0,2,7
794,794,York Recreation Centre,43.688153079245126,-79.48219789940566,2025-07-29,3,19,1,1,1,794,1,0,1,2,6
795,795,Tobermory Dr / Finch Corridor Trail,43.7611741,-79.5114452,2025-07-29,2,17,1,1,0,795,0,0,1,0,9
796,796,20 Charles St E,43.6691099,-79.38551,2025-07-29,0,33,1,1,0,796,1,0,0,0,9
797,797,Priscilla Ave / Dundas St W,43.664665,-79.489385,2025-07-29,3,18,1,1,1,797,0,1,1,0,8
798,798,Queens Quay E / Freeland St,43.64249948081925,-79.37285779318468,2025-07-29,20,1,1,1,0,798,0,0,0,3,7
799,799,Dufferin St / Sylvan Av (Dufferin Grove Park),43.6555556,-79.43361111111112,2025-07-29,12,6,1,1,0,799,4,0,1,1,4
800,800,Shuter St/River St,43.659296,-79.358035,2025-07-29,15,0,1,1,0,800,2,0,0,3,5
801,801,York University Station (South) - SMART,43.77345,-79.5002,2025-07-29,2,14,1,1,0,801,1,0,0,0,9
802,802,Frederick St / King St E,43.651118,-79.369411,2025-07-29,24,20,1,1,0,802,1,1,0,3,5
803,803,19 Glendora Ave,43.75921143833388,-79.40960364801701,2025-07-29,2,9,1,1,0,803,0,0,0,2,8
804,804,Wallace Ave / Symington Ave - SMART,43.661324,-79.449534,2025-07-29,2,9,1,1,2,804,4,0,1,0,5
805,805,University Ave / Queen St W,43.65052424212547,-79.38672702579497,2025-07-29,1,11,1,1,0,805,3,1,0,1,5
806,806,King St W / Joe Shuster Way,43.639444,-79.423611,2025-07-29,19,1,1,1,0,806,0,1,1,0,8
807,807,Simcoe St / Wellington St W South,43.6458569,-79.3853654,2025-07-29,0,21,1,1,0,807,2,1,0,1,6
808,808,Nassau St / Bellevue Ave,43.65484215542248,-79.40351232494366,2025-07-29,6,6,1,1,0,808,0,2,2,0,6
809,809,Hanlan's Point Ferry Dock,43.6278286673252,-79.38962156604123,2025-07-29,20,18,1,1,0,809,1,0,2,1,6
810,810,Pretoria Ave / Broadview Ave,43.6783213,-79.35822,2025-07-29,12,7,1,1,4,810,1,2,0,2,5
811,811,Neil McLellan Park,43.65143,-79.47779,2025-07-29,9,5,1,1,1,811,2,0,0,0,8
812,812,Dundonald St / Church St,43.66663,-79.38148,2025-07-29,10,29,1,1,0,812,3,0,3,1,3
813,813,Union Station,43.645609,-79.380386,2025-07-29,0,24,1,1,0,813,2,1,0,3,4
814,814,Bathurst St / Housey St,43.63781903961206,-79.40013176752855,2025-07-29,20,2,1,1,0,814,0,1,0,6,3
815,815,Avenue Rd / Macpherson Ave ,43.67794376009951,-79.39836278587889,2025-07-29,7,8,1,1,2,815,0,1,0,1,8
816,816,190 Queens Quay E,43.6451308,-79.36536439999999,2025-07-29,13,2,1,1,0,816,1,0,0,4,5
817,817,265 Armadale Ave,43.6501644,-79.48296909999999,2025-07-29,35,3,1,1,27,817,2,1,0,0,7
818,818,Logan Ave / Eastern Ave - SMART,43.657925501075496,-79.34143486929416,2025-07-29,11,0,1,1,0,818,2,0,0,1,7
819,819,Gladstone Ave / Queen St W,43.64314139337404,-79.42728015945511,2025-07-29,14,0,1,1,0,819,3,0,1,0,6
820,820,1 Shortt St,43.69592993313034,-79.45190139609524,2025-07-29,15,21,1,1,15,820,0,0,0,1,9
821,821,Lake Shore Blvd E / Knox Ave,43.660206,-79.3244,2025-07-29,11,0,1,1,0,821,0,0,0,2,8
822,822,Wychwood Ave / Benson Ave - SMART,43.6809164,-79.4229684,2025-07-29,1,14,1,1,0,822,0,0,1,0,9
823,823,Morningside Ave / Kingston Rd,43.769079266710015,-79.18711363068849,2025-07-29,4,10,1,1,0,823,0,0,1,0,9
824,824,Queen St W / Shaw St,43.6442457,-79.41610440000001,2025-07-29,7,14,1,1,0,824,2,0,2,1,5
825,825,Victoria Park Ave / Patrick Blvd ,43.7777592874974,-79.32390892420574,2025-07-29,2,10,1,1,0,825,0,0,0,0,10
826,826,Lake Shore Blvd W / Brow Dr,43.591410003452495,-79.54418190344097,2025-07-29,7,8,1,1,0,826,1,0,2,2,5
827,827,The Pond Rd / Sentinel Rd,43.7696262,-79.5025943,2025-07-29,2,24,1,1,0,827,1,0,1,0,8
828,828,365 Lippincott St,43.6649482,-79.40947,2025-07-29,16,12,1,1,13,828,1,1,1,0,7
829,829,St. Clair West Subway Station - Heath St. W,43.686352,-79.415894,2025-07-29,3,18,1,1,2,829,0,0,1,1,8
830,830,Fort York  Blvd / Capreol Ct,43.639832,-79.395954,2025-07-29,32,10,1,1,0,830,1,1,0,4,4
831,831,Lawrence Ave E / Overture Rd,43.76564053924766,-79.19961493121338,2025-07-29,4,2,1,1,0,831,0,0,1,1,8
832,832,Lansdowne Ave / Whytock Ave,43.6538888888889,-79.4413888888889,2025-07-29,3,11,1,1,1,832,4,0,1,2,3
833,833,Queens Park Cres / College St ,43.66018127636866,-79.39083271520538,2025-07-29,0,21,1,1,0,833,3,0,0,3,4
834,834,Kewbeach Ave / Kenilworth Ave,43.666325,-79.3014,2025-07-29,14,8,1,1,0,834,2,0,0,5,3
835,835,Queens Quay E / Merchants' Wharf,43.64643026333144,-79.3618163165329,2025-07-29,21,6,1,1,0,835,2,0,1,2,5
836,836,Lake Shore Blvd W / Windermere Ave,43.634896,-79.467763,2025-07-29,15,2,1,1,0,836,0,1,0,6,3
837,837,Sumach St / Carlton St (Riverdale Farm),43.665867,-79.362506,2025-07-29,7,4,1,1,2,837,2,0,0,3,5
838,838,Bloor St W / Pacific Ave,43.65412449999999,-79.4636388,2025-07-29,3,0,1,1,0,838,0,0,1,3,6
839,839,Marie Curtis Park,43.5880774,-79.5432067,2025-07-29,7,15,1,1,1,839,0,0,2,4,4
840,840,College St / Crawford St,43.655,-79.418889,2025-07-29,13,3,1,1,1,840,3,0,1,0,6
841,841,Dundas St E / Pembroke St ,43.658295,-79.372346,2025-07-29,8,6,1,1,1,841,1,1,0,0,8
842,842,Wells St / Brunswick Ave,43.67105163758377,-79.40904755211488,2025-07-29,3,11,1,1,1,842,1,1,0,1,7
843,843,Rogers Rd / Prospect Cemetery,43.68323,-79.455765,2025-07-29,0,23,1,1,0,843,1,0,0,2,7
844,844,Carlaw Ave / Danforth Ave,43.678248142816344,-79.34709655456162,2025-07-29,8,4,1,1,0,844,1,1,1,2,5
845,845,Hubbard Blvd / Balsam Av,43.669328,-79.288949,2025-07-29,16,2,1,1,1,845,1,0,0,4,5
846,846,Spadina Ave / Sussex Ave ,43.66402799999999,-79.40297869999999,2025-07-29,1,29,1,1,0,846,1,1,0,2,6
847,847,541 Huron St - SMART,43.670206,-79.402643,2025-07-29,5,10,1,1,1,847,2,1,0,2,5
848,848,Judson St / Royal York Rd,43.6162721,-79.4990363,2025-07-29,1,17,1,1,0,848,1,0,1,0,8
849,849,Fort York Blvd / Bathurst St - SMART,43.639052,-79.399792,2025-07-29,16,3,1,1,0,849,1,1,0,4,4
850,850,Keele St / Vine Ave,43.66686,-79.46526,2025-07-29,0,21,1,1,0,850,1,0,1,1,7
851,851,College Park South,43.65945682499,-79.38236466864778,2025-07-29,0,17,1,1,0,851,2,0,0,0,8
852,852,1926 Lake Shore Blvd W,43.6357643,-79.4674917,2025-07-29,19,3,1,1,0,852,0,1,0,6,3
853,853,Wellington St W / Stafford St,43.6409957,-79.40966630000001,2025-07-29,17,3,1,1,0,853,0,1,1,5,3
854,854,Centennial College (Ashtonbee Campus),43.73003601845614,-79.2920036521843,2025-07-29,9,10,1,1,0,854,0,0,0,0,10
855,855,Chatham Ave / Byron Ave,43.6798678328407,-79.33424613862303,2025-07-29,7,8,1,1,0,855,2,2,0,1,5
856,856,Niagara St / Portland St,43.6425791,-79.40011729999999,2025-07-29,9,1,1,1,0,856,1,1,1,1,6
857,857,Carlaw Ave / Dundas St E,43.665076,-79.341509,2025-07-29,13,2,1,1,1,857,0,1,0,0,9
858,858,Sunnybrook Health Centre - S Wing,43.720998,-79.377456,2025-07-29,0,9,1,1,0,858,1,0,0,2,7
859,859,Tiago Ave / Westview Blvd,43.71101621552703,-79.30675743891624,2025-07-29,4,11,1,1,0,859,2,0,1,0,7
860,860,Wynford Heights Cres / Concorde Pl,43.72749778259739,-79.32714222209015,2025-07-29,3,7,1,1,0,860,1,0,1,0,8
861,861,High Park Subway Station,43.6543604,-79.4655296,2025-07-29,1,10,1,1,0,861,0,0,2,3,5
862,862,Ward St / Wallace Ave,43.662857,-79.44618,2025-07-29,2,12,1,1,0,862,3,0,1,0,6
863,863,Frederick St / The Esplanade,43.6487245,-79.36839,2025-07-29,18,0,1,1,0,863,1,1,0,2,6
864,864,Avenue Rd / Cumberland St ,43.669821695059376,-79.39444614603269,2025-07-29,0,15,1,1,0,864,1,2,0,2,5
865,865,Humber Bay Shores Park West,43.6224434,-79.480284,2025-07-29,25,2,1,1,0,865,0,0,1,3,6
866,866,Centre Island Ferry Dock,43.622020652213855,-79.37888203400495,2025-07-29,34,0,1,1,0,866,1,0,1,1,7
867,867,Yonge St / Montgomery Ave - SMART,43.70960859570095,-79.39915125005619,2025-07-29,0,12,1,1,0,867,0,2,0,1,7
868,868,York St / Wellington St W (1) ,43.646734,-79.38301,2025-07-29,2,18,1,1,0,868,3,1,0,0,6
869,869,Queen St E / Sackville St,43.6561111,-79.36138888888888,2025-07-29,13,0,1,1,0,869,1,0,0,3,6
870,870,101 Cedarvale Ave,43.6868681,-79.3110942,2025-07-29,2,21,1,1,2,870,0,0,2,1,7
871,871,Jane St / Yewtree Blvd,43.75531728502427,-79.51704708227844,2025-07-29,9,5,1,1,0,871,0,0,2,0,8
872,872,Elizabeth St / Edward St (Bus Terminal),43.656026,-79.385327,2025-07-29,3,8,1,1,0,872,1,0,0,0,9
873,873,Hubbard Blvd / Glen Manor Dr,43.668633,-79.291162,2025-07-29,13,1,1,1,2,873,1,0,0,4,5
874,874,Widmer St / King St W,43.6463574,-79.391206,2025-07-29,3,5,1,1,0,874,2,2,0,0,6
875,875,Woodbine Subway Station,43.686442,-79.313404,2025-07-29,1,13,1,1,0,875,1,0,0,1,8
876,876,Lascelles Blvd / Eglinton Ave W,43.70547,-79.40355,2025-07-29,6,11,1,1,1,876,1,0,0,1,8
877,877,91 Via Italia,43.67665014253828,-79.44503029755326,2025-07-29,2,6,1,1,0,877,0,0,1,1,8
878,878,Sharpe St / Park St (Sandown Park),43.7105975,-79.2541175,2025-07-29,9,4,1,1,6,878,0,1,1,1,7
879,879,Wellesley St E / Parliament St,43.6682342,-79.3702641,2025-07-29,5,4,1,1,2,879,3,0,1,1,5
880,880,Glebe Rd W / Yonge St,43.7005976,-79.397345,2025-07-29,1,16,1,1,0,880,1,0,0,3,6
881,881,Palmerston Blvd / Lennox St,43.66335070995886,-79.41312798316125,2025-07-29,0,9,1,1,0,881,2,1,0,1,6
882,882,Eglinton Ave W / Henning Ave SMART,43.7063473,-79.40161,2025-07-29,0,20,1,1,0,882,0,2,0,1,7
883,883,Caledonia Rd / Lotherton Pathway,43.70756436685646,-79.46571474966814,2025-07-29,0,19,1,1,0,883,0,0,1,1,8
884,884,Eglinton Ave W / Scarlett Rd,43.6834703,-79.5108942,2025-07-29,5,14,1,1,2,884,1,0,0,5,4
885,885,33 Queen St E,43.6523196075425,-79.37684857674785,2025-07-29,1,26,1,1,0,885,2,1,0,2,5
886,886,Harvie Ave / Rogers Rd,43.68402031135697,-79.45297885330353,2025-07-29,0,19,1,1,0,886,1,0,1,1,7
887,887,Lake Shore Blvd W / Twenty Fourth St,43.597082,-79.522768,2025-07-29,11,5,1,1,0,887,0,0,1,1,8
888,888,Lawrence Ave W / Dufferin St,43.714317848363905,-79.45414485709222,2025-07-29,0,15,1,1,0,888,0,0,0,0,10
889,889,Yonge St / Merton St ,43.6962750705313,-79.39629396191867,2025-07-29,10,13,1,1,7,889,2,0,0,3,5
890,890,Hanlan's Point Beach,43.61904360581232,-79.39068832406288,2025-07-29,0,47,1,1,0,890,0,0,2,2,6
891,891,Danforth Ave / Westlake Ave,43.687323,-79.304848,2025-07-29,4,10,1,1,2,891,1,0,2,1,6
892,892,Erskine Ave / Yonge St SMART,43.7112153,-79.39894,2025-07-29,7,9,1,1,0,892,0,2,0,1,7
893,893,Soho St / Queen St W,43.649649714291584,-79.39372141352654,2025-07-29,1,8,1,1,0,893,1,1,1,1,6
894,894,Adelaide St E / Parliament St,43.65378337432506,-79.36335973372954,2025-07-29,22,0,1,1,2,894,0,0,0,3,7
895,895,Church St / Bloor St E,43.671389,-79.382919,2025-07-29,1,13,1,1,0,895,1,0,0,2,7
896,896,University Ave / Gerrard St W - SMART(South),43.65748153286412,-79.38921396018827,2025-07-29,1,14,1,1,0,896,2,0,0,2,6
897,897,Liberty St / Fraser Ave Green P,43.637981,-79.424146,2025-07-29,3,16,1,1,0,897,0,1,1,0,8
898,898,St. Clair Ave W / Avenue Rd ,43.68688938028234,-79.40099513147447,2025-07-29,1,12,1,1,1,898,0,0,0,2,8
899,899,Bay St / King St W,43.64837534148549,-79.3799828091115,2025-07-29,13,9,1,1,0,899,3,0,0,2,5
900,900,Robert St / Bloor St W - SMART,43.665846,-79.404998,2025-07-29,2,13,1,1,0,900,2,1,1,1,5
901,901,Beverley St / College St,43.6575,-79.39527777777778,2025-07-29,0,19,1,1,0,901,2,2,0,1,5
902,902,Duncan St / Adelaide St W - SMART,43.64813057569729,-79.38858106137695,2025-07-29,7,5,1,1,0,902,2,2,0,0,6
903,903,Dentonia Park,43.694341,-79.291416,2025-07-29,5,17,1,1,0,903,0,0,1,2,7
904,904,Blantyre Park,43.68306889999999,-79.279682,2025-07-29,5,17,1,1,1,904,3,0,1,1,5
905,905,Ripley Ave / Ormskirk Ave,43.6390437,-79.4760109,2025-07-29,22,1,1,1,1,905,0,0,0,7,3
906,906,College St / Huron St,43.658148,-79.398167,2025-07-29,3,11,1,1,1,906,1,2,1,1,5
907,907,Bathurst St / Dundas St W,43.6518918789007,-79.40577861712723,2025-07-29,2,22,1,1,1,907,1,2,1,0,6
908,908,Ontario Place Blvd / Lake Shore Blvd W,43.6322445,-79.4108105,2025-07-29,20,4,1,1,0,908,1,1,0,6,2
909,909,Bartlett Parkette,43.6702236,-79.4360232,2025-07-29,2,19,1,1,1,909,0,1,2,2,5
910,910,Jane St / Spenvalley Dr,43.740937072210514,-79.51338882645875,2025-07-29,2,13,1,1,0,910,0,0,0,0,10
911,911,Queen St W / Cowan Ave,43.64089724173822,-79.43283582518329,2025-07-29,15,0,1,1,1,911,0,0,1,0,9
912,912,Sumach St  / Queen St E,43.656638,-79.358749,2025-07-29,18,0,1,1,0,912,1,0,0,3,6
913,913,Moore Park,43.693256,-79.383238,2025-07-29,4,10,1,1,3,913,0,0,0,5,5
914,914,Queen St E / Woodward Ave,43.665269,-79.319796,2025-07-29,15,4,1,1,0,914,0,0,0,3,7
915,915,Front St E / Bayview Avenue,43.6535,-79.354068,2025-07-29,18,0,1,1,0,915,1,0,0,3,6
916,916,E.T Seton Park - South ,43.70503461857136,-79.33547292037659,2025-07-29,5,18,1,1,0,916,0,0,1,3,6
917,917,St. Clair Ave W / Bathurst St,43.683296,-79.418734,2025-07-29,4,15,1,1,2,917,0,0,1,1,8
918,918,The Pond Rd / Ian Macdonald Blvd,43.77086729028769,-79.49812990660705,2025-07-29,9,6,1,1,0,918,0,0,1,0,9
919,919,Eglinton Ave E / Victoria Park Ave,43.72486103230542,-79.30351306295167,2025-07-29,1,9,1,1,0,919,0,0,0,0,10
920,920,Logan Ave / Bain Ave,43.6720273,-79.3470557,2025-07-29,17,1,1,1,2,920,0,1,0,3,6
921,921,Sterling Rd / Dundas St W,43.6508333333333,-79.4430555555556,2025-07-29,4,15,1,1,0,921,1,0,1,2,6
922,922,Gould St / Yonge St (TMU),43.657424,-79.381019,2025-07-29,2,16,1,1,0,922,1,0,0,0,9
923,923,406 Oakwood Ave,43.68827060022711,-79.43937767081853,2025-07-29,1,17,1,1,1,923,1,0,0,1,8
924,924,Simcoe St / Queen St W,43.65049,-79.3873,2025-07-29,0,35,1,1,0,924,2,1,0,1,6
925,925,Cherry Beach Sports Fields (55 Unwin Ave),43.6408346,-79.3429074,2025-07-29,15,13,1,1,0,925,0,0,2,6,2
926,926,Galloway Rd / Kingston Rd ,43.76247244509665,-79.19469250674761,2025-07-29,2,14,1,1,0,926,0,0,1,1,8
927,927,Warden Ave / Huntingwood Dr,43.78571682234873,-79.31081039604902,2025-07-29,2,7,1,1,1,927,0,0,0,0,10
928,928,Brimley Rd / Lawrence Ave E ,43.75404854399297,-79.2553167552948,2025-07-29,0,38,1,1,0,928,0,0,1,2,7
929,929,Church St / Cypress St,43.70638575268149,-79.51671697675717,2025-07-29,0,15,1,1,0,929,0,0,1,1,8
930,930,Dundas St W / Roncesvalles Ave Green P -SMART,43.6534268,-79.4512787,2025-07-29,0,12,1,1,0,930,2,0,1,1,6
931,931,Pottery Rd / Lower Don River Trail,43.688148,-79.362101,2025-07-29,7,4,1,1,0,931,0,0,1,3,6
932,932,457 King St W,43.6452091,-79.3960744,2025-07-29,5,12,1,1,0,932,1,1,1,0,7
933,933,Danforth Ave / Coxwell Ave,43.683378,-79.322961,2025-07-29,14,1,1,1,5,933,2,0,0,2,6
934,934,Bloor St W / Brock Ave,43.6589882,-79.438715,2025-07-29,0,10,1,1,0,934,3,0,0,2,5
935,935,Wells Hill Ave / St. Clair Ave W,43.683351,-79.41562,2025-07-29,0,15,1,1,0,935,0,0,1,1,8
936,936,Bay St / Dundas St W,43.655350778457056,-79.38345966759798,2025-07-29,1,52,1,1,0,936,1,0,0,0,9
