,name,latitude,longitude,timestamp,free_bikes,empty_slots,renting,returning,ebikes
0,Summerhill Ave / Maclennan Ave,43.685924,-79.376304,2025-07-29T03:42:28.795612+00:00Z,3,5,1,1,0
1,Queen St E / Joseph Duggan Rd,43.6677628,-79.30811709999999,2025-07-29T03:42:28.933107+00:00Z,10,9,1,1,1
2,Victoria Park Ave / Danforth Ave,43.691468,-79.288619,2025-07-29T03:42:28.879177+00:00Z,2,16,1,1,0
3,Navy Wharf Crt / Bremner Blvd,43.640722,-79.391051,2025-07-29T03:42:28.733970+00:00Z,2,4,1,1,0
4,420 Wellington St W,43.643834,-79.396649,2025-07-29T03:42:28.788527+00:00Z,4,9,1,1,0
5,Sentinel Rd / Finch Ave W,43.76073963892478,-79.5000273116394,2025-07-29T03:42:29.067707+00:00Z,11,2,1,1,0
6,Ross St / Cecil St - SMART,43.6568254,-79.3966159,2025-07-29T03:42:28.877855+00:00Z,0,16,1,1,0
7,York University Station (North),43.7741,-79.5005,2025-07-29T03:42:28.932961+00:00Z,2,11,1,1,0
8,Dundas St W / Yonge St,43.656094,-79.381484,2025-07-29T03:42:28.733757+00:00Z,1,30,1,1,0
9,Euclid Ave / Herrick St - SMART,43.661559,-79.413845,2025-07-29T03:42:28.796463+00:00Z,4,10,1,1,2
10,Wellesley St W / Queen's Park Cres,43.663376,-79.392125,2025-07-29T03:42:28.733343+00:00Z,0,15,1,1,0
11,Jane St / Sheppard Ave W,43.73901341370186,-79.51286317927207,2025-07-29T03:42:29.216296+00:00Z,18,0,1,1,0
12,144 Harrison St,43.651145,-79.423742,2025-07-29T03:42:28.790456+00:00Z,24,5,1,1,7
13,Wellington St W / Bay St,43.647259,-79.379878,2025-07-29T03:42:28.733943+00:00Z,1,52,1,1,0
14,Sunnyside Ave / The Queensway - SMART,43.6397,-79.44865,2025-07-29T03:42:28.795688+00:00Z,18,0,1,1,0
15,161 Bleecker St (South of Wellesley),43.666233,-79.373327,2025-07-29T03:42:28.734136+00:00Z,4,19,1,1,0
16,Lawrence Ave W / Renfield St,43.70402998554811,-79.4988335075738,2025-07-29T03:42:29.217110+00:00Z,0,11,1,1,0
17,Bay St / Scollard St,43.672152,-79.39018,2025-07-29T03:42:28.788570+00:00Z,0,14,1,1,0
18,Pape Ave / Gamble Ave,43.690237,-79.350119,2025-07-29T03:42:28.791228+00:00Z,14,4,1,1,0
19,Parkway Forest Dr / Forest Manor Rd (South),43.769529687223894,-79.34338171403495,2025-07-29T03:42:29.216613+00:00Z,4,12,1,1,0
20,Queen St E / Hammersmith Ave,43.671349,-79.29451,2025-07-29T03:42:28.790941+00:00Z,9,2,1,1,0
21,Walnut Ave / Queen St W,43.645469,-79.411084,2025-07-29T03:42:28.796436+00:00Z,9,5,1,1,0
22,Queen St E / Pape Ave - SMART,43.661673,-79.337789,2025-07-29T03:42:28.790772+00:00Z,16,0,1,1,0
23,Tecumseth St / Tecumseth Pl,43.642697996199985,-79.4049993694586,2025-07-29T03:42:29.069568+00:00Z,8,2,1,1,0
24,Davenport Rd / Lansdowne Ave,43.671526,-79.44874,2025-07-29T03:42:28.791042+00:00Z,1,16,1,1,1
25,Eastwood Rd / Coxwell Ave,43.673118,-79.318651,2025-07-29T03:42:28.795084+00:00Z,16,3,1,1,1
26,Fenwood Ht / Kingston Rd,43.72690169821676,-79.22920396582664,2025-07-29T03:42:28.934595+00:00Z,9,4,1,1,2
27,Rouge Hill GO Station,43.7805505,-79.1301203,2025-07-29T03:42:28.879410+00:00Z,2,16,1,1,0
28,Lundy Ave / Étienne Brûlé Park,43.6625395,-79.5030161,2025-07-29T03:42:28.879441+00:00Z,3,10,1,1,0
29,Bremner Blvd / Rees St,43.641529,-79.386741,2025-07-29T03:42:28.733479+00:00Z,0,44,1,1,0
30,Willowdale Ave / Bishop Ave ,43.78387252467251,-79.40786809814757,2025-07-29T03:42:29.069105+00:00Z,1,18,1,1,0
31,Plaxton Dr / St. Clair Ave E,43.70751755961952,-79.30252066313936,2025-07-29T03:42:28.934823+00:00Z,9,5,1,1,1
32,Front St W / University Ave (2),43.6452972,-79.3827914,2025-07-29T03:42:28.791001+00:00Z,1,14,1,1,0
33,Jarvis St / Richmond St E,43.652777,-79.372637,2025-07-29T03:42:28.795427+00:00Z,16,1,1,1,0
34,Mortimer Ave / Coxwell Ave,43.690564,-79.326319,2025-07-29T03:42:28.789928+00:00Z,14,7,1,1,1
35,Dundas St E / River St,43.661152,-79.358505,2025-07-29T03:42:28.934353+00:00Z,18,0,1,1,0
36,St. Clair Ave W / Symes Rd,43.670042134416704,-79.4789424818056,2025-07-29T03:42:29.068167+00:00Z,3,10,1,1,2
37,Yarmouth Rd / Christie St,43.67,-79.42083333333333,2025-07-29T03:42:28.788826+00:00Z,5,3,1,1,1
38,Dufferin Gate - SMART,43.633473,-79.425679,2025-07-29T03:42:28.790417+00:00Z,9,6,1,1,0
39,Symington Ave / Davenport Rd,43.6704403,-79.45328549999999,2025-07-29T03:42:28.796378+00:00Z,1,13,1,1,0
40,Niagara St / King St W - SMART,43.64281323408372,-79.40751415588915,2025-07-29T03:42:29.068447+00:00Z,15,8,1,1,0
41,Madison Ave / Bloor St W,43.66701830465472,-79.4027958687172,2025-07-29T03:42:28.733299+00:00Z,2,11,1,1,1
42,Kingston Rd / Scarborough Golf Club Rd,43.74531103700256,-79.20970650787817,2025-07-29T03:42:28.934754+00:00Z,0,14,1,1,0
43,Harbord St / Grace St (Bickford Park),43.65995363518053,-79.41787388888551,2025-07-29T03:42:29.068714+00:00Z,10,13,1,1,0
44,Alvin Ave / St. Clair Ave E,43.68871,-79.39264,2025-07-29T03:42:28.877772+00:00Z,0,18,1,1,0
45,385 Pacific Ave,43.6651094724602,-79.46833581423087,2025-07-29T03:42:29.069620+00:00Z,0,23,1,1,0
46,Chorley Park - SMART,43.6856,-79.3718,2025-07-29T03:42:28.790676+00:00Z,9,10,1,1,3
47,Martin Goodman Trail (Marilyn Bell Park),43.6314,-79.4304,2025-07-29T03:42:28.790254+00:00Z,2,27,1,1,0
48,Yonge St / Davisville Ave,43.6975969,-79.39654,2025-07-29T03:42:28.791645+00:00Z,2,13,1,1,2
49,Berry Rd / Bell Manor Dr,43.63732,-79.489083,2025-07-29T03:42:28.878023+00:00Z,17,1,1,1,1
50,Adelaide St W / York St ,43.6491919790139,-79.38363237427446,2025-07-29T03:42:29.068828+00:00Z,2,17,1,1,0
51,Lake Shore Blvd W / Ontario Dr,43.630254,-79.420317,2025-07-29T03:42:28.790398+00:00Z,1,26,1,1,0
52,St Clarens Ave / Shirley St,43.6486599,-79.4376413,2025-07-29T03:42:28.796281+00:00Z,0,14,1,1,0
53,Wolseley St / Augusta Ave,43.6484201,-79.40051919999999,2025-07-29T03:42:28.933386+00:00Z,14,10,1,1,0
54,Cumberland St / Bay St -  SMART,43.6704537,-79.39014,2025-07-29T03:42:28.791771+00:00Z,1,8,1,1,0
55,Overlea Blvd / Thorncliffe Park Dr,43.707555968595464,-79.34272024477463,2025-07-29T03:42:29.068015+00:00Z,0,18,1,1,0
56,Kempford Blvd / Yonge St,43.776857235099826,-79.4151161430729,2025-07-29T03:42:29.069161+00:00Z,2,17,1,1,0
57,Bay St / Albert St,43.653264,-79.382458,2025-07-29T03:42:28.733524+00:00Z,1,58,1,1,0
58,Jack Layton Ferry Terminal,43.64103161936887,-79.37670442726134,2025-07-29T03:42:29.216098+00:00Z,1,22,1,1,1
59,High Park Outdoor Pool,43.650154,-79.464934,2025-07-29T03:42:28.795265+00:00Z,0,26,1,1,0
60,800 Fleet St (South),43.63670985212708,-79.40880517790985,2025-07-29T03:42:28.933487+00:00Z,19,17,1,1,15
61,McCowan Rd / Trudelle St,43.74033901575211,-79.23935319629516,2025-07-29T03:42:29.069073+00:00Z,7,11,1,1,1
62,Queens Quay W / Dan Leckie Way,43.636533,-79.395854,2025-07-29T03:42:28.734164+00:00Z,21,2,1,1,0
63,Roehampton Ave / Mount Pleasant Rd,43.70942,-79.39139,2025-07-29T03:42:28.792126+00:00Z,7,10,1,1,2
64,Niagara St / Tecumseth St,43.641389,-79.404444,2025-07-29T03:42:28.788512+00:00Z,8,6,1,1,1
65,Uno Dr / The Queensway,43.62649329992186,-79.50358167641535,2025-07-29T03:42:28.935020+00:00Z,7,6,1,1,2
66,Oakdale Community Centre,43.74751496038769,-79.5132569853195,2025-07-29T03:42:29.067754+00:00Z,12,1,1,1,0
67,Trinity St /Front St E,43.651318,-79.36023,2025-07-29T03:42:28.733727+00:00Z,15,1,1,1,0
68,Finch Ave E / Upper Don Recreational Trail ,43.78893788312306,-79.37488868750592,2025-07-29T03:42:29.216325+00:00Z,11,0,1,1,0
69,Sheppard Ave E / Brian Dr,43.7751833232896,-79.33044338101735,2025-07-29T03:42:29.216564+00:00Z,5,12,1,1,1
70,Sheppard Ave W / Chesswood Dr,43.755583971122874,-79.47446032684479,2025-07-29T03:42:28.935490+00:00Z,1,18,1,1,0
71,Bellwoods Ave / Treford Pl - SMART,43.65246,-79.413528,2025-07-29T03:42:28.877790+00:00Z,18,2,1,1,0
72,Swansea Community Centre,43.6438036,-79.4770327,2025-07-29T03:42:28.878038+00:00Z,4,10,1,1,0
73,The Queensway / High St,43.630874,-79.482407,2025-07-29T03:42:28.878008+00:00Z,16,7,1,1,0
74,Esther Shiner Stadium,43.7774374,-79.4447096,2025-07-29T03:42:28.878888+00:00Z,8,14,1,1,1
75,Rogers Rd / Watt Ave,43.68233679999999,-79.4680594,2025-07-29T03:42:29.068306+00:00Z,0,15,1,1,0
76,College Park - Gerrard Entrance,43.658938,-79.383518,2025-07-29T03:42:28.791840+00:00Z,4,20,1,1,0
77,Carlton St / Parliament St,43.664524,-79.36793,2025-07-29T03:42:28.788405+00:00Z,17,7,1,1,2
78,Avenue Rd / Oxton Ave ,43.69711160305226,-79.40537298227844,2025-07-29T03:42:28.934669+00:00Z,2,13,1,1,1
79,Hanna Ave / Snooker St,43.639547,-79.420022,2025-07-29T03:42:29.068673+00:00Z,7,8,1,1,0
80,Queen St W / John St,43.650077,-79.391291,2025-07-29T03:42:28.877806+00:00Z,0,19,1,1,0
81,Glen Edyth Dr / Davenport Rd,43.677778,-79.405556,2025-07-29T03:42:28.788693+00:00Z,2,12,1,1,0
82,Eglinton Ave W / Gilbert Ave,43.69254716689966,-79.46332759272917,2025-07-29T03:42:28.933685+00:00Z,0,19,1,1,0
83,St. Joseph St / Bay St - SMART,43.6658804,-79.38761010000002,2025-07-29T03:42:28.877885+00:00Z,5,13,1,1,0
84,Jarvis St / Isabella St,43.668991,-79.379385,2025-07-29T03:42:28.733667+00:00Z,4,17,1,1,1
85,Jane St / Yorkwoods Gt,43.7503016975738,-79.51577557434386,2025-07-29T03:42:29.067787+00:00Z,11,4,1,1,0
86,Bay St / College St (East Side),43.660439,-79.385525,2025-07-29T03:42:28.733314+00:00Z,3,23,1,1,0
87,Richmond St W / York St,43.650745,-79.383633,2025-07-29T03:42:28.879011+00:00Z,0,15,1,1,0
88,Roncesvalles Ave / Marmaduke St,43.650492,-79.450842,2025-07-29T03:42:28.790324+00:00Z,2,16,1,1,1
89,Bay St / Bloor St W (West Side),43.669244,-79.3894,2025-07-29T03:42:28.791099+00:00Z,0,19,1,1,0
90,Queen St W / Spadina Ave,43.649147,-79.395504,2025-07-29T03:42:28.734108+00:00Z,0,8,1,1,0
91,Davenport Rd / Avenue Rd,43.674991,-79.396273,2025-07-29T03:42:28.788597+00:00Z,2,6,1,1,0
92,King St W / Jameson Ave - SMART,43.63735795888104,-79.43617975886079,2025-07-29T03:42:28.934425+00:00Z,6,3,1,1,1
93,Queen's Park Cres W / Hoskin Ave,43.665221,-79.394009,2025-07-29T03:42:28.795226+00:00Z,0,19,1,1,0
94,Edward St / Yonge St,43.656729,-79.382736,2025-07-29T03:42:28.733801+00:00Z,6,15,1,1,0
95,16 Riverview Gardens ,43.64883712159794,-79.48675294250663,2025-07-29T03:42:29.069528+00:00Z,23,4,1,1,21
96,Queen's Park / Bloor St W,43.668456,-79.393899,2025-07-29T03:42:28.734040+00:00Z,0,21,1,1,0
97,Parkside Dr / Bloor St W - SMART,43.654501,-79.460053,2025-07-29T03:42:28.790213+00:00Z,10,0,1,1,1
98,Shaw St / King St W,43.6412561641921,-79.41502994047545,2025-07-29T03:42:28.934640+00:00Z,14,0,1,1,0
99,Kilgour Rd / Rumsey Rd,43.718039,-79.371914,2025-07-29T03:42:28.879847+00:00Z,4,12,1,1,1
100,Castle Frank Subway Station,43.67418030086386,-79.36795839711793,2025-07-29T03:42:29.217026+00:00Z,3,11,1,1,1
101,Spadina Ave / Blue Jays Way,43.641705,-79.393295,2025-07-29T03:42:28.792238+00:00Z,15,10,1,1,0
102,Glendonwynne Rd / Bloor St W,43.65182,-79.47421,2025-07-29T03:42:28.795321+00:00Z,3,16,1,1,2
103,Superior Ave / Lake Shore Blvd W,43.6146692,-79.4873148,2025-07-29T03:42:28.796219+00:00Z,15,0,1,1,0
104,2700 Eglinton Ave W,43.69074600637147,-79.47820143344333,2025-07-29T03:42:28.935445+00:00Z,36,0,1,1,36
105,Wendover Rd / Bloor St W (Green P),43.6492,-79.50601999999999,2025-07-29T03:42:28.933770+00:00Z,1,14,1,1,0
106,75 Holly St,43.7063279,-79.3962499,2025-07-29T03:42:28.934278+00:00Z,6,14,1,1,6
107,Starspray Blvd / Lawrence Ave E,43.788525214554085,-79.1231844760227,2025-07-29T03:42:28.879269+00:00Z,9,2,1,1,0
108,The Pond Rd / Shoreham Dr,43.772445,-79.511912,2025-07-29T03:42:28.933919+00:00Z,2,11,1,1,0
109,Adelaide St W / Yonge St,43.65038002325664,-79.3787277120385,2025-07-29T03:42:29.068619+00:00Z,0,18,1,1,0
110,Lynn Williams St / East Liberty St,43.638925,-79.4168659,2025-07-29T03:42:28.796323+00:00Z,14,0,1,1,1
111,Roding St / Nash Dr,43.72885964584396,-79.49202997658232,2025-07-29T03:42:29.216158+00:00Z,7,7,1,1,0
112,King St E / Berkeley St,43.651885,-79.3649,2025-07-29T03:42:28.791307+00:00Z,17,13,1,1,0
113,Royal York Rd / Mimico Ave,43.612063,-79.496573,2025-07-29T03:42:28.877977+00:00Z,17,1,1,1,0
114,King St W / Charlotte St,43.645572,-79.39399,2025-07-29T03:42:28.791031+00:00Z,12,9,1,1,1
115,Russell Hill Rd / St. Clair Ave W,43.685569,-79.408019,2025-07-29T03:42:28.795306+00:00Z,0,17,1,1,0
116,Harbord St / Clinton St,43.660414,-79.415646,2025-07-29T03:42:28.789901+00:00Z,9,6,1,1,1
117,Jameson Ave / Queen St W,43.63985,-79.43703,2025-07-29T03:42:28.878154+00:00Z,19,7,1,1,1
118,High Park - Grenadier Cafe,43.645599,-79.4657123,2025-07-29T03:42:28.734244+00:00Z,3,6,1,1,1
119,High Park Amphitheatre,43.646251,-79.46472,2025-07-29T03:42:28.795278+00:00Z,4,19,1,1,2
120,Gothic Ave / Quebec Ave,43.65389,-79.4675,2025-07-29T03:42:28.794822+00:00Z,3,14,1,1,1
121,111 Bond St (North of Dundas St E)  - SMART,43.656927,-79.378497,2025-07-29T03:42:28.790607+00:00Z,2,12,1,1,0
122,Grantbrook St / Finch Hydro Corridor Trail,43.780468305361154,-79.43280415488479,2025-07-29T03:42:29.069555+00:00Z,0,14,1,1,0
123,Wright Ave / Sorauren Ave - SMART,43.646677,-79.442741,2025-07-29T03:42:28.790295+00:00Z,8,6,1,1,0
124,College St / Borden St,43.6571,-79.4056,2025-07-29T03:42:28.733554+00:00Z,2,7,1,1,0
125,Coxwell Ave / Plains Rd,43.69595,-79.328535,2025-07-29T03:42:28.791062+00:00Z,16,3,1,1,0
126,Lower Simcoe St / Bremner Blvd,43.64283,-79.38409,2025-07-29T03:42:28.795334+00:00Z,1,12,1,1,0
127,Glen Long Community Centre,43.70820992643782,-79.45627808717194,2025-07-29T03:42:28.934882+00:00Z,0,15,1,1,0
128,Taddle Creek Park,43.66986,-79.398443,2025-07-29T03:42:28.788624+00:00Z,0,11,1,1,0
129,Bloor St E / Huntley St - SMART,43.671535,-79.379173,2025-07-29T03:42:28.790578+00:00Z,2,16,1,1,1
130,Bay Mills Blvd / Birchmount Ave,43.78342986112393,-79.29955890113074,2025-07-29T03:42:29.216971+00:00Z,7,7,1,1,0
131,Gerrard St E / Leslie St,43.669813,-79.3335,2025-07-29T03:42:28.792369+00:00Z,20,1,1,1,0
132,Eglinton Ave W / Prospect Cemetery,43.69415,-79.45782580000001,2025-07-29T03:42:28.933672+00:00Z,0,19,1,1,0
133,Maud St / Adelaide St W - SMART,43.6460145694434,-79.39960497726345,2025-07-29T03:42:28.935234+00:00Z,5,9,1,1,0
134,Simcoe St / Michael Sweet Ave,43.652327224103,-79.3882538196087,2025-07-29T03:42:28.733772+00:00Z,1,17,1,1,0
135,High Park - West Rd,43.651922,-79.465693,2025-07-29T03:42:28.734271+00:00Z,3,17,1,1,1
136,Morningside Park (Highland Creek Trail),43.779353,-79.193023,2025-07-29T03:42:28.879222+00:00Z,1,18,1,1,0
137,Ellesmere Rd / Markham Rd,43.77682938751077,-79.2305003612381,2025-07-29T03:42:29.068953+00:00Z,1,11,1,1,0
138,King St W / Cowan Ave - SMART,43.637922,-79.431734,2025-07-29T03:42:28.790314+00:00Z,6,8,1,1,2
139,Trethewey Dr / Black Creek Dr,43.695498400279796,-79.48809394482672,2025-07-29T03:42:28.935276+00:00Z,1,12,1,1,0
140,Adelaide St W / Bay St,43.650152,-79.379856,2025-07-29T03:42:28.790724+00:00Z,0,22,1,1,0
141,Pharmacy Ave / Eglinton Ave E ,43.72534466992445,-79.2976874085289,2025-07-29T03:42:29.215891+00:00Z,7,8,1,1,3
142,Bathurst St/Queens Quay(Billy Bishop Airport),43.635492,-79.398253,2025-07-29T03:42:28.790039+00:00Z,10,20,1,1,0
143,Brahms Ave / Finch Ave E,43.79236326442992,-79.35836318028717,2025-07-29T03:42:29.069351+00:00Z,5,11,1,1,0
144,King St W / Crawford St,43.6417852,-79.4131148,2025-07-29T03:42:28.792196+00:00Z,20,0,1,1,0
145,Isabella St / Church St,43.66834,-79.38235,2025-07-29T03:42:28.792155+00:00Z,19,6,1,1,1
146,Durie St / Dundas St W,43.665523,-79.484892,2025-07-29T03:42:28.878097+00:00Z,1,20,1,1,0
147,Trent Ave / Danforth Ave,43.689293,-79.295895,2025-07-29T03:42:28.795110+00:00Z,2,21,1,1,0
148,Marilyn Bell Park Tennis Court,43.633537,-79.437461,2025-07-29T03:42:28.792357+00:00Z,2,25,1,1,0
149,Cosburn Ave / Cedarvale Ave,43.697139,-79.31469,2025-07-29T03:42:28.795143+00:00Z,5,9,1,1,2
150,Joe Shuster Way / King St W ,43.64039672322004,-79.4237424131447,2025-07-29T03:42:29.068265+00:00Z,17,0,1,1,0
151,Sherbourne St / Wellesley St E,43.6673,-79.374,2025-07-29T03:42:28.733816+00:00Z,12,16,1,1,6
152,Lower Jarvis St / The Esplanade,43.6478206,-79.3704721,2025-07-29T03:42:28.933034+00:00Z,12,2,1,1,0
153,Sheppard Ave E / Willowdale Ave ,43.76411174298419,-79.39833699652739,2025-07-29T03:42:29.216578+00:00Z,10,1,1,1,0
154,Mallon Ave / Jones Ave -SMART,43.66587,-79.33443,2025-07-29T03:42:28.790684+00:00Z,12,3,1,1,1
155,Front St W / Simcoe St,43.644480035433915,-79.38698781349183,2025-07-29T03:42:29.216854+00:00Z,0,25,1,1,0
156,Centre Island,43.61851569484422,-79.3730330079146,2025-07-29T03:42:29.216795+00:00Z,18,13,1,1,0
157,135 Queens Wharf Rd - SMART,43.6399714,-79.39940399999999,2025-07-29T03:42:28.879531+00:00Z,14,1,1,1,0
158,15 Price St ,43.6799477790745,-79.38994813684005,2025-07-29T03:42:28.935475+00:00Z,0,14,1,1,0
159,Kennedy Rd / Bertrand Ave,43.73746176713744,-79.26995937672586,2025-07-29T03:42:29.216727+00:00Z,0,10,1,1,0
160,Jarvis St / Dundas St E,43.657266,-79.374756,2025-07-29T03:42:28.788490+00:00Z,13,12,1,1,0
161,Orde St / McCaul St,43.6580442,-79.3927404,2025-07-29T03:42:28.877870+00:00Z,0,13,1,1,0
162,University Ave / King St W - SMART,43.6477785,-79.3847928,2025-07-29T03:42:28.790743+00:00Z,3,20,1,1,0
163,Islington Ave / Finch Ave W,43.74445257991756,-79.56824985721664,2025-07-29T03:42:29.068389+00:00Z,3,11,1,1,0
164,The Queensway at South Kingsway,43.63632,-79.47307,2025-07-29T03:42:28.792318+00:00Z,13,6,1,1,1
165,Roehampton Ave / Bayview Ave,43.711751,-79.378615,2025-07-29T03:42:28.878920+00:00Z,7,17,1,1,2
166,Phoebe St / Spadina Ave,43.650033,-79.396555,2025-07-29T03:42:28.733509+00:00Z,12,18,1,1,0
167,Yonge St / Lawrence Ave E,43.7254665,-79.40115449999999,2025-07-29T03:42:28.879392+00:00Z,2,18,1,1,0
168,Bay St / Bloor St W (East Side),43.66943,-79.38915,2025-07-29T03:42:28.733638+00:00Z,0,14,1,1,0
169,Symington Ave / Dupont St,43.665538,-79.451263,2025-07-29T03:42:28.795441+00:00Z,5,7,1,1,0
170,Silver Springs Blvd / Birchmount Rd,43.800737007917,-79.30671242148874,2025-07-29T03:42:29.216928+00:00Z,2,2,1,1,0
171,St. Clair Ave W / Osler St,43.6739269797493,-79.46068479021301,2025-07-29T03:42:28.934051+00:00Z,2,9,1,1,0
172,Bridgman Ave / Bathurst St,43.674444,-79.414722,2025-07-29T03:42:28.788745+00:00Z,0,14,1,1,0
173,Davenport Rd / Bedford Rd,43.674446,-79.398331,2025-07-29T03:42:28.788609+00:00Z,3,10,1,1,1
174,University Ave / College St (East),43.65995,-79.38964,2025-07-29T03:42:28.795937+00:00Z,0,15,1,1,0
175,York University (Glendon Campus) - SMART,43.727365488246306,-79.3814254607724,2025-07-29T03:42:28.932917+00:00Z,12,1,1,1,0
176,Simcoe St / Elm St,43.656038841714505,-79.38970387738495,2025-07-29T03:42:29.068123+00:00Z,0,11,1,1,0
177,24 Mountjoy Ave,43.68049350289877,-79.33044552721375,2025-07-29T03:42:29.216809+00:00Z,13,5,1,1,0
178,Marine Parade Dr / Humber Bay Shores Park Trl,43.626461825093834,-79.47675102302073,2025-07-29T03:42:29.216899+00:00Z,10,7,1,1,0
179,King St W / Spadina Ave,43.64514249449372,-79.39510358283808,2025-07-29T03:42:29.215970+00:00Z,7,11,1,1,0
180,Spadina Ave / Harbord St - SMART,43.6629228,-79.4018451,2025-07-29T03:42:28.790753+00:00Z,0,34,1,1,0
181,Bayview Ave / Finch Recreational Trail,43.789068698639504,-79.39315096004944,2025-07-29T03:42:29.069089+00:00Z,5,11,1,1,0
182,Keele St / Lloyd Ave,43.67115532642577,-79.46701597756929,2025-07-29T03:42:29.068046+00:00Z,0,12,1,1,0
183,Viewmount Park,43.70735572654095,-79.43723072209013,2025-07-29T03:42:28.935219+00:00Z,0,12,1,1,0
184,Housey St / Dan Leckie Way,43.63811,-79.397877,2025-07-29T03:42:28.796420+00:00Z,20,4,1,1,0
185,Ontario St / Adelaide St E -SMART,43.6535052,-79.3667689,2025-07-29T03:42:28.795979+00:00Z,17,0,1,1,2
186,Clendenan Ave / Rowland St - SMART,43.66073,-79.47149,2025-07-29T03:42:28.795069+00:00Z,0,18,1,1,0
187,Slan Ave / Scarborough Golf Club Rd,43.77327261711258,-79.21971485277862,2025-07-29T03:42:29.068967+00:00Z,7,6,1,1,0
188,Southwood Dr / Kingston Rd - SMART,43.678685,-79.297974,2025-07-29T03:42:28.795513+00:00Z,1,11,1,1,0
189,85 Lee Ave,43.6700692,-79.2971326,2025-07-29T03:42:28.933078+00:00Z,0,18,1,1,0
190,King St W / Portland St - SMART,43.644395,-79.40065430000001,2025-07-29T03:42:28.933400+00:00Z,30,2,1,1,0
191,Toronto Eaton Centre (Yonge St) - SMART,43.655431,-79.380653,2025-07-29T03:42:28.790617+00:00Z,0,17,1,1,0
192,Sussex Ave / St George St,43.665304278965365,-79.39938263802871,2025-07-29T03:42:28.935430+00:00Z,0,15,1,1,0
193,Baldwin St / Henry St,43.6560758,-79.393259,2025-07-29T03:42:28.877839+00:00Z,9,3,1,1,1
194,Donlands Subway Station,43.681114,-79.3373885,2025-07-29T03:42:28.788086+00:00Z,6,9,1,1,1
195,York St / Lake Shore Blvd W,43.641952,-79.380723,2025-07-29T03:42:28.792071+00:00Z,12,5,1,1,0
196,Weston Rd / Sheppard Ave W,43.73262849415089,-79.5381993243286,2025-07-29T03:42:29.067803+00:00Z,1,13,1,1,0
197,Spadina Ave / Willcocks St,43.6616667,-79.40138888888889,2025-07-29T03:42:28.789644+00:00Z,1,10,1,1,0
198,Leslie Subway Station,43.77037892370793,-79.36702734195678,2025-07-29T03:42:29.069200+00:00Z,3,12,1,1,0
199,Baycrest Ave / Bathurst St,43.72966526118746,-79.4324727837474,2025-07-29T03:42:29.217255+00:00Z,2,16,1,1,0
200,Pharmacy Ave / Teesdale Pl,43.697356080874876,-79.28528711019696,2025-07-29T03:42:28.934468+00:00Z,17,2,1,1,0
201,Lindylou Rd / Lanyard Rd,43.74845421407306,-79.5504039969242,2025-07-29T03:42:29.067834+00:00Z,4,8,1,1,0
202,Blake St / Boultbee Ave,43.672453,-79.338259,2025-07-29T03:42:28.791151+00:00Z,14,1,1,1,0
203,Granby St / Church St - SMART,43.6614605,-79.37894570000002,2025-07-29T03:42:28.790814+00:00Z,9,15,1,1,0
204,Vaughan Rd /Wychwood Ave,43.6882821,-79.4253856,2025-07-29T03:42:28.877717+00:00Z,4,15,1,1,4
205,Spadina Ave / Sullivan St,43.65082785552666,-79.39698099821702,2025-07-29T03:42:28.934037+00:00Z,1,18,1,1,0
206,Jarvis St / Carlton St,43.66207,-79.37617,2025-07-29T03:42:28.733984+00:00Z,7,6,1,1,0
207,Mallaby Park ,43.706191092397106,-79.53262795581969,2025-07-29T03:42:28.935360+00:00Z,0,14,1,1,0
208,Bathurst St / Lennox St,43.663808,-79.410491,2025-07-29T03:42:28.789529+00:00Z,3,16,1,1,0
209,1303 Yonge St - SMART,43.6846177,-79.39245919999999,2025-07-29T03:42:28.932932+00:00Z,2,14,1,1,1
210,Palmerston Ave / Vermont Ave,43.671389,-79.416389,2025-07-29T03:42:28.788773+00:00Z,6,9,1,1,2
211,Westmoreland Ave / Fernbank Ave,43.665327,-79.43235,2025-07-29T03:42:28.790824+00:00Z,7,10,1,1,0
212,York St / Queens Quay W,43.640132,-79.380464,2025-07-29T03:42:28.734178+00:00Z,52,1,1,1,0
213,Gamble Ave / Broadview Ave,43.689211,-79.35438,2025-07-29T03:42:28.791238+00:00Z,18,3,1,1,4
214,Howard Park Ave / Dundas St W - SMART,43.6521,-79.4486,2025-07-29T03:42:28.790435+00:00Z,1,7,1,1,0
215,St. Columba Pl / St. Clair Ave E,43.70567,-79.310554,2025-07-29T03:42:28.879072+00:00Z,3,14,1,1,1
216,Bloor St W / Huron St,43.667023,-79.401805,2025-07-29T03:42:28.792266+00:00Z,0,26,1,1,0
217,Bloor St W / Gladstone Ave - SMART,43.6602021,-79.4342726,2025-07-29T03:42:28.933048+00:00Z,0,10,1,1,0
218,Greenwood Ave / Sammon Ave,43.68698672516659,-79.33478198280334,2025-07-29T03:42:28.934725+00:00Z,9,2,1,1,0
219,High Park Ave / Dundas St W,43.6653032,-79.4701178,2025-07-29T03:42:28.878740+00:00Z,3,11,1,1,0
220,Sunnybrook Park,43.720233,-79.362092,2025-07-29T03:42:28.879146+00:00Z,9,17,1,1,0
221,Danforth Ave / Ellerbeck St,43.677076,-79.35667,2025-07-29T03:42:28.788144+00:00Z,9,5,1,1,1
222,1612 Danforth Ave ,43.68370788065334,-79.32262453633884,2025-07-29T03:42:28.934683+00:00Z,3,12,1,1,1
223,Finch Ave W / Wilmington Ave,43.77060244428048,-79.45997589178772,2025-07-29T03:42:29.069268+00:00Z,6,12,1,1,0
224,Charles St E / Jarvis St - SMART,43.669604,-79.381171,2025-07-29T03:42:28.790703+00:00Z,3,17,1,1,0
225,Queens Quay / Yonge St,43.641646,-79.375308,2025-07-29T03:42:28.789624+00:00Z,11,29,1,1,0
226,HTO Park West,43.63737145931921,-79.38976958703309,2025-07-29T03:42:28.934248+00:00Z,25,4,1,1,0
227,University of Toronto Scarborough,43.7842419,-79.1849889,2025-07-29T03:42:28.879650+00:00Z,5,10,1,1,0
228,King St W / Douro St,43.640885,-79.416379,2025-07-29T03:42:28.788361+00:00Z,10,0,1,1,0
229,Lower Jarvis St / Queens Quay E,43.64422,-79.36927,2025-07-29T03:42:28.792085+00:00Z,0,0,1,1,0
230,Keele St / Catford Rd,43.75919330632997,-79.49001046850891,2025-07-29T03:42:28.935533+00:00Z,1,12,1,1,1
231,Brick Works,43.683884,-79.36647,2025-07-29T03:42:28.879026+00:00Z,6,18,1,1,0
232,Danforth Ave / Dewhurst Blvd,43.680207,-79.339243,2025-07-29T03:42:28.879722+00:00Z,3,12,1,1,1
233,Kingston Rd / Glen Everest Rd,43.697490048103,-79.25655146462776,2025-07-29T03:42:28.933586+00:00Z,7,5,1,1,0
234,Queens Quay E / Lower Jarvis St ,43.64392767366328,-79.3687301736982,2025-07-29T03:42:28.934262+00:00Z,18,1,1,1,0
235,Vaughan Rd / Oakwood Ave,43.6926825,-79.441042,2025-07-29T03:42:28.879286+00:00Z,0,18,1,1,0
236,Rushton Rd / St. Clair Ave W,43.68114,-79.4277,2025-07-29T03:42:28.794790+00:00Z,0,11,1,1,0
237,Queen St E / Alton Av,43.663912,-79.327987,2025-07-29T03:42:28.791109+00:00Z,13,6,1,1,0
238,Brockley Dr / Lawrence Ave E,43.752354851176584,-79.26279658857231,2025-07-29T03:42:29.216753+00:00Z,0,11,1,1,0
239,Torresdale Ave / Antibes Dr,43.77953,-79.45233,2025-07-29T03:42:28.878874+00:00Z,10,3,1,1,0
240,Cherry St / Polson St,43.643320932767004,-79.35120948518066,2025-07-29T03:42:29.069674+00:00Z,1,16,1,1,0
241,Tangiers Rd / Finch Ave W,43.76376964130183,-79.48809242593383,2025-07-29T03:42:29.067864+00:00Z,1,13,1,1,0
242,Adelaide St W / Bay St (South),43.65011637593798,-79.37953068860327,2025-07-29T03:42:29.068605+00:00Z,0,15,1,1,0
243,Fort York Blvd / Garrison Rd,43.637381,-79.406112,2025-07-29T03:42:28.790144+00:00Z,14,0,1,1,0
244,Niagara St / Queen St W ,43.64572868466845,-79.40990680181771,2025-07-29T03:42:29.068760+00:00Z,3,6,1,1,0
245,Cariboo Ave / Railpath Trail,43.66666667,-79.45833333333334,2025-07-29T03:42:28.789689+00:00Z,1,18,1,1,0
246,Davisville Ave / Pailton Cres,43.69933,-79.39199,2025-07-29T03:42:28.877752+00:00Z,8,10,1,1,8
247,Yonge St / St. Clair Ave,43.68850460000001,-79.39416076812287,2025-07-29T03:42:28.879607+00:00Z,11,7,1,1,0
248,Simcoe St / Dundas St W,43.655103,-79.389295,2025-07-29T03:42:28.932872+00:00Z,5,12,1,1,0
249,Mill St / Tannery Rd,43.652219,-79.354455,2025-07-29T03:42:28.788318+00:00Z,26,0,1,1,0
250,Dundas St E / George St,43.6574766,-79.373446,2025-07-29T03:42:28.795055+00:00Z,12,12,1,1,1
251,Front St W / Yonge St (Hockey Hall of Fame),43.646144,-79.377962,2025-07-29T03:42:28.733900+00:00Z,13,32,1,1,0
252,Church St / Lombard St,43.651678,-79.375233,2025-07-29T03:42:28.795239+00:00Z,2,12,1,1,0
253,Augusta Ave / Denison Sq,43.653766,-79.4016759,2025-07-29T03:42:28.789858+00:00Z,8,0,1,1,0
254,St. John's Rd / Dundas St W,43.66526761605873,-79.47502122887077,2025-07-29T03:42:28.933963+00:00Z,7,7,1,1,1
255,Millwood Rd / Southvale Dr,43.70241717215276,-79.36175932936095,2025-07-29T03:42:29.068030+00:00Z,5,8,1,1,1
256,Dundas St E / Broadview Ave,43.662365,-79.351104,2025-07-29T03:42:28.788543+00:00Z,17,0,1,1,1
257,Dundas St W / Edna Ave,43.657192,-79.452559,2025-07-29T03:42:28.789756+00:00Z,1,12,1,1,1
258,Frobisher Ave / Lascelles Blvd,43.696708,-79.40045,2025-07-29T03:42:28.791607+00:00Z,4,15,1,1,1
259,Eastgate Cres / Pharmacy Ave ,43.7110442448186,-79.29127313845584,2025-07-29T03:42:28.934510+00:00Z,1,13,1,1,0
260,St. Andrew's Playground Park,43.646552,-79.399586,2025-07-29T03:42:28.933373+00:00Z,1,3,1,1,1
261,Roxton Rd / Harbord St,43.65905,-79.422988,2025-07-29T03:42:28.789959+00:00Z,11,0,1,1,0
262,Sixth St / Lake Shore Blvd W,43.60116229109828,-79.50416046627045,2025-07-29T03:42:28.935047+00:00Z,12,0,1,1,1
263,Dufferin St / Queen St W,43.64309687937765,-79.42875613770637,2025-07-29T03:42:28.789915+00:00Z,6,8,1,1,0
264,Yonge St / Sheppard Ave E,43.76128605777495,-79.41071644205269,2025-07-29T03:42:29.069187+00:00Z,2,16,1,1,0
265,Davenport Rd / Bathurst St,43.676667,-79.416111,2025-07-29T03:42:28.788662+00:00Z,0,14,1,1,0
266,Havelock St / Dufferin Park,43.657343,-79.43112,2025-07-29T03:42:28.790833+00:00Z,17,14,1,1,0
267,Bellamy Rd N / The Meadoway,43.76507271818177,-79.23835381614684,2025-07-29T03:42:29.068925+00:00Z,2,12,1,1,0
268,Sunnybrook Health Centre - L Wing,43.72268,-79.37644,2025-07-29T03:42:28.932796+00:00Z,1,14,1,1,0
269,Teddington Park Ave,43.732975,-79.40401,2025-07-29T03:42:28.878996+00:00Z,0,14,1,1,0
270,21 Pleasant Blvd (2),43.687204264115415,-79.39269726524513,2025-07-29T03:42:29.069594+00:00Z,5,6,1,1,0
271,Scarlett Rd / Old Scarlett Rd ,43.678276306636576,-79.50667332401198,2025-07-29T03:42:28.935317+00:00Z,4,9,1,1,0
272,Blythwood Rd / Yonge St - SMART,43.716652,-79.399993,2025-07-29T03:42:28.795556+00:00Z,6,5,1,1,0
273,Runnymede Rd / Annette St,43.6596299,-79.4799176,2025-07-29T03:42:28.879484+00:00Z,4,10,1,1,3
274,285 Victoria St,43.656633,-79.379625,2025-07-29T03:42:28.879809+00:00Z,25,11,1,1,0
275,Eastern Ave / Winnifred Ave,43.6592088,-79.3348396,2025-07-29T03:42:28.791160+00:00Z,10,2,1,1,0
276,Ursula Franklin St / St. George St - SMART,43.660296,-79.397107,2025-07-29T03:42:28.790465+00:00Z,0,14,1,1,0
277,Guildwood GO Station (South),43.754978,-79.1971289,2025-07-29T03:42:28.879368+00:00Z,2,8,1,1,0
278,Clarence Square,43.64407,-79.3929,2025-07-29T03:42:28.795412+00:00Z,13,9,1,1,1
279,Aurora Ct / Bridletowne Cir,43.79283961726625,-79.31685173498637,2025-07-29T03:42:29.216956+00:00Z,1,9,1,1,0
280,Eglinton Ave E / Brimley Rd,43.736952572933866,-79.24798367249146,2025-07-29T03:42:29.069011+00:00Z,4,14,1,1,1
281,Front St W / Bay St (South Side),43.64595,-79.378761,2025-07-29T03:42:28.790733+00:00Z,2,17,1,1,0
282,Jimmie Simpson Park (Queen St E),43.6605603,-79.3437663,2025-07-29T03:42:28.788277+00:00Z,14,17,1,1,0
283,Alma Ave / Gladstone Ave SMART,43.6448617,-79.42822,2025-07-29T03:42:28.791414+00:00Z,13,2,1,1,0
284,Jane St / Weston Rd,43.69144464414302,-79.50154583869246,2025-07-29T03:42:28.935402+00:00Z,2,13,1,1,1
285,439 Sherbourne St,43.666051,-79.374161,2025-07-29T03:42:28.877901+00:00Z,7,37,1,1,0
286,Mary McCormick Rec Centre (Sheridan Ave),43.6475,-79.43305555555555,2025-07-29T03:42:28.790134+00:00Z,10,3,1,1,0
287,Church St / The Esplanade,43.6469251,-79.3733192,2025-07-29T03:42:28.933342+00:00Z,13,6,1,1,0
288,50 Overlea Blvd,43.707225,-79.345324,2025-07-29T03:42:29.068077+00:00Z,0,14,1,1,0
289,60 Broadway Ave,43.71024429599603,-79.39578744603273,2025-07-29T03:42:29.067986+00:00Z,9,13,1,1,0
290,Queen St W  /  Fuller Ave - SMART,43.640255,-79.439223,2025-07-29T03:42:28.790304+00:00Z,3,11,1,1,0
291,Windsor St / Newcastle St,43.6171635,-79.4971065,2025-07-29T03:42:28.877993+00:00Z,1,30,1,1,0
292,O'Connor Dr / Curity Ave,43.707582,-79.311439,2025-07-29T03:42:28.879056+00:00Z,9,5,1,1,4
293,Humber College (Lakeshore Campus),43.5961692,-79.5160575,2025-07-29T03:42:28.877962+00:00Z,24,3,1,1,0
294,Eglinton Ave W / Oakwood Ave,43.69705023028765,-79.4437599043325,2025-07-29T03:42:29.069459+00:00Z,0,15,1,1,0
295,Bay St / Charles St W - SMART,43.668153,-79.38891,2025-07-29T03:42:28.790647+00:00Z,0,18,1,1,0
296,Primrose Ave / Davenport Rd,43.67142,-79.445947,2025-07-29T03:42:28.790861+00:00Z,2,13,1,1,0
297,Ted Rogers Way / Bloor St E,43.671293,-79.380471,2025-07-29T03:42:28.733582+00:00Z,3,17,1,1,2
298,Lake Shore Blvd W / Colborne Lodge Dr,43.63771,-79.458173,2025-07-29T03:42:28.796252+00:00Z,8,13,1,1,0
299,Weston Lions Park,43.698841,-79.519472,2025-07-29T03:42:28.878140+00:00Z,1,23,1,1,0
300,Oriole Pkwy / Kilbarry Rd,43.6954486,-79.4026176,2025-07-29T03:42:28.879621+00:00Z,2,16,1,1,0
301,Highfield Rd / Gerrard St E,43.671771,-79.324961,2025-07-29T03:42:28.878201+00:00Z,17,1,1,1,0
302,Grand Avenue Park,43.623708,-79.490054,2025-07-29T03:42:29.069433+00:00Z,5,17,1,1,2
303,The Esplanade / Hahn Pl,43.649709,-79.364184,2025-07-29T03:42:28.877916+00:00Z,14,0,1,1,0
304,Front St E / Scott St (2),43.6476241415141,-79.37552498892019,2025-07-29T03:42:29.216281+00:00Z,2,9,1,1,0
305,Church St  / Wood St,43.662712,-79.379903,2025-07-29T03:42:28.788053+00:00Z,8,19,1,1,1
306,Bayview Ave / Lawren Harris Square,43.6548521,-79.35397680000001,2025-07-29T03:42:28.878232+00:00Z,13,0,1,1,0
307,King St W / Bay St (West Side),43.64852,-79.380576,2025-07-29T03:42:28.733435+00:00Z,1,33,1,1,0
308,Bloor St E / Parliament St,43.671946102001826,-79.37245115337294,2025-07-29T03:42:28.788432+00:00Z,6,12,1,1,1
309,128 Sterling Rd - SMART,43.654004,-79.444792,2025-07-29T03:42:28.795902+00:00Z,1,18,1,1,0
310,Jane St / Lawrence Ave W,43.702340220597975,-79.50347389514123,2025-07-29T03:42:28.935518+00:00Z,0,14,1,1,0
311,519 Church St ,43.6668334195837,-79.38120391054117,2025-07-29T03:42:28.790389+00:00Z,0,11,1,1,0
312,Ossington Ave / Bruce St,43.64570236705167,-79.41933192053696,2025-07-29T03:42:28.934307+00:00Z,1,13,1,1,0
313,Islington Subway Station (Aberfoyle Cres),43.645658591546216,-79.52339938954925,2025-07-29T03:42:28.934981+00:00Z,3,9,1,1,0
314,Spadina Ave / Fort York Blvd,43.640114,-79.393249,2025-07-29T03:42:28.734151+00:00Z,14,7,1,1,0
315,Vanauley St / Queen St W - SMART,43.648437,-79.39838,2025-07-29T03:42:28.790494+00:00Z,5,6,1,1,0
316,Howard St / Rose Ave,43.671278,-79.372127,2025-07-29T03:42:28.792168+00:00Z,3,16,1,1,2
317,Brooklawn Ave / Kingston Rd,43.721761400691236,-79.2359137196434,2025-07-29T03:42:29.067907+00:00Z,2,9,1,1,1
318,Salem Ave / Bloor St W,43.6608333,-79.43166666666667,2025-07-29T03:42:28.789543+00:00Z,4,11,1,1,1
319,Gunns Rd / Lavender Creek Trail,43.675531973168354,-79.47199740066374,2025-07-29T03:42:29.068153+00:00Z,0,15,1,1,0
320,Lake Shore Blvd W / Bathurst St,43.63675592256874,-79.39920538954927,2025-07-29T03:42:29.069295+00:00Z,17,3,1,1,1
321,Front St W / Bay St (North Side),43.646162,-79.378912,2025-07-29T03:42:28.789634+00:00Z,1,10,1,1,0
322,Greenwood Ave / Gerrard St E,43.67036917803197,-79.32782698645094,2025-07-29T03:42:28.934768+00:00Z,12,1,1,1,2
323,Trethewey Dr / Jane St,43.697417070558615,-79.50079830912324,2025-07-29T03:42:29.068418+00:00Z,3,13,1,1,3
324,Don Mills Rd / Goodview Rd,43.785346474479695,-79.35362921031188,2025-07-29T03:42:29.069378+00:00Z,9,6,1,1,0
325,25 Booth Ave,43.6544839,-79.34105699999999,2025-07-29T03:42:28.932974+00:00Z,7,14,1,1,0
326,Danforth Ave / Danforth Rd,43.69362206784152,-79.27710529695892,2025-07-29T03:42:28.934382+00:00Z,2,13,1,1,1
327,Lake Shore Blvd W / The Boulevard Club,43.636731,-79.444966,2025-07-29T03:42:28.790244+00:00Z,13,3,1,1,0
328,Thorncliffe Park Dr / Leaside Park Trail,43.70400405297843,-79.34807015078738,2025-07-29T03:42:28.934122+00:00Z,1,13,1,1,0
329,Lawrence Ave W / Pine St,43.70177452503352,-79.50850451132469,2025-07-29T03:42:29.217124+00:00Z,0,15,1,1,0
330,University Ave / Gerrard St W (East Side),43.657763,-79.389165,2025-07-29T03:42:28.733886+00:00Z,0,24,1,1,0
331,Ruddington Dr / Finch Recreational Trail,43.789781888844246,-79.38988621716194,2025-07-29T03:42:29.216339+00:00Z,4,13,1,1,0
332,3220 Bloor St W,43.646186757495194,-79.51762536747455,2025-07-29T03:42:29.069487+00:00Z,30,3,1,1,24
333,Cosburn Ave / Durant Ave,43.6935477,-79.3301658,2025-07-29T03:42:28.878216+00:00Z,11,4,1,1,3
334,Eastview Park,43.759071409320356,-79.18945281711036,2025-07-29T03:42:29.217012+00:00Z,1,9,1,1,0
335,Stansbury Cr / Midland Ave,43.742513527508905,-79.26124310383767,2025-07-29T03:42:29.216697+00:00Z,1,10,1,1,0
336,Marlee Ave / York Beltline Trail,43.70163,-79.44099,2025-07-29T03:42:28.933728+00:00Z,1,18,1,1,1
337,King St W / Bay St (East Side),43.648575,-79.380042,2025-07-29T03:42:28.788447+00:00Z,3,14,1,1,0
338,Bloor St W / Balmuto St,43.66981064282057,-79.38801106873031,2025-07-29T03:42:28.790666+00:00Z,0,11,1,1,0
339,Claremont St / Dundas St W,43.651281,-79.411717,2025-07-29T03:42:28.790082+00:00Z,11,1,1,1,0
340,HTO Park (Queens Quay W),43.63796,-79.387502,2025-07-29T03:42:28.789725+00:00Z,16,6,1,1,2
341,Charles St W / Balmuto St - SMART,43.668427,-79.38725,2025-07-29T03:42:28.790714+00:00Z,0,22,1,1,0
342,King St W / Brant St,43.645102,-79.39744979999999,2025-07-29T03:42:28.933020+00:00Z,5,14,1,1,0
343,Lawton Blvd / Yonge St,43.6910667,-79.39535,2025-07-29T03:42:28.791660+00:00Z,11,2,1,1,1
344,Grenoble Dr / Vendome Pl,43.715537998967406,-79.32811427663442,2025-07-29T03:42:28.934093+00:00Z,5,4,1,1,0
345,Chiltern Hill Rd / Eglinton Ave W,43.7004017,-79.4275305,2025-07-29T03:42:28.879470+00:00Z,1,16,1,1,1
346,14 Arundel Ave,43.6784834,-79.3513564,2025-07-29T03:42:28.788128+00:00Z,16,7,1,1,11
347,Antler St / Campbell Ave - SMART,43.664182,-79.449066,2025-07-29T03:42:28.795455+00:00Z,1,18,1,1,0
348,Keele St / Ingram Dr,43.698706949666914,-79.4756586460327,2025-07-29T03:42:28.935248+00:00Z,6,3,1,1,2
349,St. Clair Ave W / Castleton Ave,43.668496,-79.485426,2025-07-29T03:42:28.878082+00:00Z,1,18,1,1,0
350,Euclid Ave / Queen St W - SMART,43.64656806400965,-79.4076868902591,2025-07-29T03:42:29.215955+00:00Z,6,0,1,1,1
351,Emdaabiimok Ave / Lake Shore Blvd E,43.662771,-79.315223,2025-07-29T03:42:28.790920+00:00Z,6,8,1,1,0
352,Highview Ave / Kennedy Rd,43.702418581463505,-79.2563167072858,2025-07-29T03:42:28.933600+00:00Z,3,12,1,1,1
353,Emerson Ave / Bloor St W,43.658739,-79.440691,2025-07-29T03:42:28.796295+00:00Z,1,21,1,1,0
354,St Clair Ave W / Oakwood Ave,43.678177,-79.435364,2025-07-29T03:42:28.933135+00:00Z,0,15,1,1,0
355,Bellamy Rd S / Kingston Rd,43.7323277855009,-79.22496619876934,2025-07-29T03:42:28.934567+00:00Z,1,17,1,1,0
356,Queens Quay W / Lower Simcoe St,43.63951,-79.383717,2025-07-29T03:42:28.733830+00:00Z,11,3,1,1,0
357,Fulton Ave / Pape Ave,43.68395,-79.347046,2025-07-29T03:42:28.791277+00:00Z,15,3,1,1,2
358,165 McRae Dr,43.70587454662511,-79.36800595602851,2025-07-29T03:42:28.934150+00:00Z,4,11,1,1,0
359,Union Station (North),43.645808552646564,-79.38054652324743,2025-07-29T03:42:29.069541+00:00Z,2,14,1,1,0
360,Church St / Shuter St,43.65505698168995,-79.37651024603271,2025-07-29T03:42:29.068840+00:00Z,5,9,1,1,0
361,Spadina Ave / Bulwer St- SMART ,43.649354475273796,-79.39675713332855,2025-07-29T03:42:29.068501+00:00Z,4,6,1,1,0
362,Crawford St / Lobb Ave,43.64654941401018,-79.41558900317995,2025-07-29T03:42:29.068800+00:00Z,18,4,1,1,0
363,Wellington St W / Blue Jays Way,43.64473387070102,-79.39168963262681,2025-07-29T03:42:29.215855+00:00Z,12,6,1,1,0
364,Dawes Rd / Taylor Creek Trl,43.696631,-79.297436,2025-07-29T03:42:28.879102+00:00Z,14,3,1,1,0
365,Commissioners St / Bouchette St,43.6493916813045,-79.34254970095081,2025-07-29T03:42:29.217299+00:00Z,14,6,1,1,0
366,King St W / Stafford St,43.6422222,-79.41111111111111,2025-07-29T03:42:28.789569+00:00Z,11,1,1,1,0
367,Sunrise Ave / Victoria Park Ave,43.71940912890232,-79.30226117096939,2025-07-29T03:42:29.216027+00:00Z,3,8,1,1,3
368,Florence Gell Park,43.66196582326018,-79.49851065277862,2025-07-29T03:42:29.069240+00:00Z,10,5,1,1,3
369,Orchard Park,43.66908,-79.3149,2025-07-29T03:42:28.795097+00:00Z,18,1,1,1,0
370,Dubray Ave / Wilson Ave,43.728617628977695,-79.47800122943039,2025-07-29T03:42:29.216267+00:00Z,13,6,1,1,0
371,Carlaw Ave / Strathcona Ave,43.6753188,-79.3462789,2025-07-29T03:42:28.791141+00:00Z,5,5,1,1,1
372,St. Clair Ave W / Caledonia Rd,43.67566643384946,-79.45393093300397,2025-07-29T03:42:29.216491+00:00Z,0,10,1,1,0
373,Exbury Rd / Jane St,43.729522486553826,-79.5101425092621,2025-07-29T03:42:29.216254+00:00Z,5,10,1,1,0
374,Armel Ct / Albion Rd,43.721532966873205,-79.5455834809678,2025-07-29T03:42:29.068361+00:00Z,3,12,1,1,0
375,Danforth Ave / Aldridge Ave,43.684758,-79.316767,2025-07-29T03:42:28.734284+00:00Z,8,2,1,1,0
376,Alton Ave / Dundas St E (Greenwood Park),43.66745,-79.329408,2025-07-29T03:42:28.791180+00:00Z,10,11,1,1,0
377,Finch West Subway Station,43.76521,-79.491281,2025-07-29T03:42:28.878826+00:00Z,1,21,1,1,0
378,College St / Major St,43.6576,-79.4032,2025-07-29T03:42:28.734206+00:00Z,2,10,1,1,0
379,Bathurst St / Adelaide St W,43.645324,-79.40345,2025-07-29T03:42:28.790842+00:00Z,18,3,1,1,0
380,Ancaster Rd / Spalding Rd,43.73359486358252,-79.46651489022999,2025-07-29T03:42:29.216130+00:00Z,3,12,1,1,0
381,Front St W / Spadina Ave,43.64235480340359,-79.39519751877137,2025-07-29T03:42:29.068727+00:00Z,17,0,1,1,1
382,Bartley Park ,43.72211166436462,-79.30864830919265,2025-07-29T03:42:29.067892+00:00Z,2,13,1,1,0
383,Wilmington Ave / Kennard Ave,43.76115848103729,-79.4560000049282,2025-07-29T03:42:29.216368+00:00Z,4,6,1,1,0
384,Weston Rd / Lanyard Rd,43.748713,-79.541808,2025-07-29T03:42:29.067819+00:00Z,5,7,1,1,0
385,Woodbine Ave / Lake Shore Blvd E,43.665645,-79.304711,2025-07-29T03:42:28.792331+00:00Z,23,3,1,1,0
386,Metro Hall Plaza,43.645859,-79.38783,2025-07-29T03:42:28.733956+00:00Z,1,21,1,1,0
387,Annette St / Jane St,43.658574,-79.487246,2025-07-29T03:42:28.878053+00:00Z,3,11,1,1,2
388,Princes' Gates,43.63467323676012,-79.40897321886649,2025-07-29T03:42:29.068646+00:00Z,5,9,1,1,0
389,Gould St / Mutual St,43.6582,-79.3768,2025-07-29T03:42:28.733624+00:00Z,21,9,1,1,0
390,Bert Robinson Park,43.688028,-79.460265,2025-07-29T03:42:28.933714+00:00Z,1,14,1,1,0
391,Torresdale Ave / Finch Ave W,43.77245563489829,-79.45102085413427,2025-07-29T03:42:29.215985+00:00Z,13,5,1,1,0
392,Portland St / Queen St W,43.6476,-79.4015,2025-07-29T03:42:28.733915+00:00Z,6,4,1,1,0
393,Bay St / Wellesley St W,43.664088,-79.387095,2025-07-29T03:42:28.733653+00:00Z,3,27,1,1,0
394,Lansdowne Ave / Seaforth Ave ,43.642904395956684,-79.43746059447746,2025-07-29T03:42:28.934454+00:00Z,10,1,1,1,1
395,200 Bloor St E,43.671561,-79.38117,2025-07-29T03:42:28.791071+00:00Z,0,21,1,1,0
396,King St W / University Ave,43.64781808540915,-79.38427999073791,2025-07-29T03:42:29.068334+00:00Z,0,34,1,1,0
397,Fleming Cres / Bayview Ave,43.707045,-79.375437,2025-07-29T03:42:28.878937+00:00Z,3,12,1,1,1
398,Scarborough GO Station,43.7170472128686,-79.25461030789113,2025-07-29T03:42:29.069473+00:00Z,14,8,1,1,12
399,Eglinton Ave W / Venn Cres,43.69143920681119,-79.46908634795456,2025-07-29T03:42:28.935331+00:00Z,3,16,1,1,1
400,Bleecker St / St James Ave,43.669232,-79.374495,2025-07-29T03:42:28.795171+00:00Z,3,18,1,1,2
401,Spadina Rd / St. Clair Ave W,43.683979,-79.410657,2025-07-29T03:42:28.879575+00:00Z,0,14,1,1,0
402,Danforth Ave / Warden Ave,43.6950192,-79.27180659999999,2025-07-29T03:42:28.933545+00:00Z,2,13,1,1,0
403,Eglinton West Subway Station,43.69867103968614,-79.43680738560357,2025-07-29T03:42:29.069500+00:00Z,0,19,1,1,0
404,Sentinel Rd / Finch Corridor Trail,43.7641485,-79.5012809,2025-07-29T03:42:28.878811+00:00Z,7,20,1,1,0
405,Bloor St W / Dundas St W (2),43.64285244644315,-79.53199489206543,2025-07-29T03:42:28.935180+00:00Z,7,6,1,1,4
406,80 Clinton St,43.656296,-79.414663,2025-07-29T03:42:28.790109+00:00Z,15,0,1,1,0
407,Sunnyside - Gus Ryder Pool,43.637894,-79.454823,2025-07-29T03:42:28.790203+00:00Z,0,23,1,1,0
408,Widmer St / Adelaide St W - SMART,43.647547634759206,-79.39155200496292,2025-07-29T03:42:28.733465+00:00Z,5,4,1,1,0
409,Pacific Ave / Glenlake Ave,43.65716,-79.46478,2025-07-29T03:42:28.794837+00:00Z,2,17,1,1,1
410,Rosedale Park (20 Scholfield Ave),43.682645,-79.377557,2025-07-29T03:42:28.791336+00:00Z,1,22,1,1,0
411,Jane St / Woolner Ave (Woolner Park),43.67119618326082,-79.49337217955949,2025-07-29T03:42:29.217180+00:00Z,4,8,1,1,0
412,Beverley St / Dundas St W,43.652823,-79.393388,2025-07-29T03:42:28.733610+00:00Z,1,28,1,1,0
413,St. Clair Ave W / Winona Dr,43.680466,-79.432522,2025-07-29T03:42:28.795252+00:00Z,1,7,1,1,1
414,Concord Ave / Bloor St W,43.66189,-79.42679,2025-07-29T03:42:28.794807+00:00Z,2,12,1,1,1
415,Lower Don River Trail and Taylor Creek Trail,43.7027268,-79.33368089999999,2025-07-29T03:42:28.788159+00:00Z,9,8,1,1,0
416,Lake Shore Blvd W / Legion Rd,43.62052630763223,-79.48320224237995,2025-07-29T03:42:28.934937+00:00Z,19,0,1,1,0
417,Morse St / Eastern Ave,43.657991,-79.340075,2025-07-29T03:42:28.791170+00:00Z,5,6,1,1,2
418,Temperance St Station,43.650945,-79.379498,2025-07-29T03:42:28.733494+00:00Z,0,54,1,1,0
419,Moss Park,43.655972,-79.370638,2025-07-29T03:42:28.933933+00:00Z,8,2,1,1,0
420,Rosehill Ave / Avoca Ave - SMART,43.687999,-79.38906,2025-07-29T03:42:28.790694+00:00Z,1,15,1,1,0
421,Gerrard St E / Nasmith Ave ,43.66273618779861,-79.36253100740966,2025-07-29T03:42:28.935202+00:00Z,23,0,1,1,1
422,Garden Ave / Roncesvalles Ave,43.643769,-79.447915,2025-07-29T03:42:28.790286+00:00Z,17,0,1,1,2
423,Glencairn Subway Station,43.70925763810859,-79.44169105036657,2025-07-29T03:42:28.934866+00:00Z,2,10,1,1,0
424,Exhibition GO Station,43.6352007,-79.4187711,2025-07-29T03:42:28.790408+00:00Z,5,7,1,1,1
425,Wakunda Pl / O'Connor Dr,43.71602024377182,-79.3047092517501,2025-07-29T03:42:28.934795+00:00Z,1,8,1,1,0
426,Regal Rd / Dufferin St,43.673939,-79.441159,2025-07-29T03:42:28.791219+00:00Z,2,13,1,1,2
427,Empress Ave / Yonge St,43.769395456625546,-79.41266521769707,2025-07-29T03:42:29.069174+00:00Z,0,16,1,1,0
428,Logan Ave / Gerrard St E,43.6672144,-79.3452697,2025-07-29T03:42:28.791208+00:00Z,18,4,1,1,1
429,Leslie St / Commissioners St  ,43.657275497390124,-79.32661544194183,2025-07-29T03:42:28.934712+00:00Z,8,10,1,1,0
430,Dundas St E / Regent Park Blvd,43.660207,-79.361275,2025-07-29T03:42:28.788236+00:00Z,23,0,1,1,0
431,Eglinton Ave E / Redpath Ave,43.7078691,-79.39248,2025-07-29T03:42:28.879319+00:00Z,14,15,1,1,1
432,Bloor St W / Christie St,43.6638889,-79.41888888888889,2025-07-29T03:42:28.789497+00:00Z,2,14,1,1,0
433,Sherbourne St N / Elm Ave,43.6752732,-79.3778458,2025-07-29T03:42:28.796392+00:00Z,2,20,1,1,1
434,Woodbine Ave / O'Connor Dr,43.699281,-79.318802,2025-07-29T03:42:28.879040+00:00Z,4,15,1,1,0
435,Danforth Ave / Lamb Ave,43.681991,-79.329455,2025-07-29T03:42:28.788071+00:00Z,3,12,1,1,0
436,Danforth Rd / Savarin St,43.74307247062562,-79.24531812219966,2025-07-29T03:42:29.216766+00:00Z,2,12,1,1,0
437,Shaw St / Essex St - SMART,43.667076,-79.425116,2025-07-29T03:42:28.879426+00:00Z,6,9,1,1,0
438,The Well,43.643025055165865,-79.39430137761319,2025-07-29T03:42:28.933889+00:00Z,3,1,1,1,1
439,Elwood Blvd / Avenue Rd,43.707049,-79.40966,2025-07-29T03:42:28.878904+00:00Z,1,22,1,1,1
440,Cherry St / Lake Shore Blvd E,43.64827015761016,-79.35651733677065,2025-07-29T03:42:28.795641+00:00Z,1,12,1,1,0
441,21 Pleasant Blvd (1),43.687211810315254,-79.39269591804246,2025-07-29T03:42:29.069582+00:00Z,0,11,1,1,0
442,Eglinton Ave E / Brentcliffe Rd,43.714305793017544,-79.36089045040129,2025-07-29T03:42:29.068237+00:00Z,5,9,1,1,1
443,Cedar Dr / Eglinton Ave E,43.744208202155754,-79.21564636613158,2025-07-29T03:42:29.068982+00:00Z,3,7,1,1,0
444,Keele St / Dovehouse Ave - SMART,43.7494501,-79.4869662,2025-07-29T03:42:28.934234+00:00Z,15,1,1,1,0
445,Barton Ave / Howland Ave - SMART,43.66842,-79.410585,2025-07-29T03:42:28.792279+00:00Z,7,20,1,1,5
446,75 Thorncliffe Park Dr,43.70518328279426,-79.34224729962946,2025-07-29T03:42:28.934136+00:00Z,3,6,1,1,2
447,YZD,43.7368015,-79.4687878,2025-07-29T03:42:29.216505+00:00Z,10,9,1,1,0
448,Elizabeth St / Elm St,43.6570908165693,-79.38593668834272,2025-07-29T03:42:29.068556+00:00Z,6,16,1,1,0
449,Second St / Lake Shore Blvd W,43.60191488118503,-79.49941888654288,2025-07-29T03:42:28.935033+00:00Z,14,0,1,1,2
450,Queen St E / Rushbrooke Ave,43.6626628,-79.3323698,2025-07-29T03:42:28.790514+00:00Z,11,3,1,1,0
451,Fairview Mall Dr / Fairview Mall Dr E,43.77967215439899,-79.3429500491085,2025-07-29T03:42:29.216382+00:00Z,3,15,1,1,0
452,Gerrard St E / Malvern Ave - SMART,43.685221,-79.294766,2025-07-29T03:42:28.795951+00:00Z,2,17,1,1,1
453,Danforth Ave / Barrington Ave,43.688325,-79.300463,2025-07-29T03:42:28.734231+00:00Z,2,12,1,1,0
454,Scarborough Soccer Centre,43.7154661,-79.2876595,2025-07-29T03:42:28.934440+00:00Z,5,14,1,1,2
455,Sherbourne St / Carlton St (Allan Gardens),43.663102,-79.373181,2025-07-29T03:42:28.733402+00:00Z,13,1,1,1,1
456,Fairglen Cres / Weston Rd,43.70876747477083,-79.53445192394257,2025-07-29T03:42:29.069405+00:00Z,0,11,1,1,0
457,Yonge St / Aylmer Ave,43.675492,-79.388858,2025-07-29T03:42:28.788583+00:00Z,14,8,1,1,0
458,Beltline Trail / Yonge St,43.6962302,-79.39504339999999,2025-07-29T03:42:28.933267+00:00Z,2,21,1,1,1
459,University Ave / Richmond St W,43.64981903446256,-79.38641270251617,2025-07-29T03:42:28.879664+00:00Z,0,11,1,1,0
460,Bloor St W / Old Mill Trl,43.65016869999999,-79.4963345,2025-07-29T03:42:28.933756+00:00Z,3,16,1,1,0
461,Fairmount Park,43.6765897,-79.3163022,2025-07-29T03:42:28.879117+00:00Z,2,16,1,1,0
462,Victoria Park Ave / Edge Park Ave,43.717678679534906,-79.29961580314475,2025-07-29T03:42:28.934838+00:00Z,6,11,1,1,0
463,Noble St / Queen St W,43.64226917409186,-79.42920979115014,2025-07-29T03:42:29.217040+00:00Z,14,0,1,1,1
464,Markham Rd / The Meadoway ,43.77121894873629,-79.22956526983644,2025-07-29T03:42:29.068938+00:00Z,0,19,1,1,0
465,Central Tech  (Harbord St),43.661975,-79.407896,2025-07-29T03:42:28.789887+00:00Z,0,5,1,1,0
466,Victoria Park Ave / Dawes Rd,43.706466,-79.29511,2025-07-29T03:42:28.933092+00:00Z,3,13,1,1,2
467,Thompson St / Broadview Ave - SMART,43.659471,-79.350325,2025-07-29T03:42:28.790343+00:00Z,21,2,1,1,0
468,Birchmount Rd / The Meadoway,43.73893212110537,-79.28118032582971,2025-07-29T03:42:29.216412+00:00Z,2,13,1,1,0
469,Markham Rd / Cougar Crt,43.744988965771036,-79.21944366329879,2025-07-29T03:42:29.216452+00:00Z,1,10,1,1,0
470,St. George St / Bloor St W,43.66713121831853,-79.3995550638237,2025-07-29T03:42:28.733283+00:00Z,4,11,1,1,0
471,College St / Markham St,43.6563888888889,-79.4091666666667,2025-07-29T03:42:28.790016+00:00Z,6,7,1,1,0
472,Queen's Park Cres E / Grosvenor St - SMART,43.661803,-79.389682,2025-07-29T03:42:28.790655+00:00Z,0,14,1,1,0
473,Ling Rd / Morningside Ave,43.766663817888656,-79.18521765344238,2025-07-29T03:42:28.934924+00:00Z,13,3,1,1,0
474,Yonge St / Yorkville Ave,43.671944,-79.387778,2025-07-29T03:42:28.788556+00:00Z,0,13,1,1,0
475,1 Market St,43.6469928,-79.3706665,2025-07-29T03:42:28.879753+00:00Z,8,4,1,1,0
476,Spadina Ave / Dundas St W - SMART,43.652352301216055,-79.39801617693556,2025-07-29T03:42:29.215924+00:00Z,1,9,1,1,0
477,Davenport Rd / McAlpine St - SMART,43.673768,-79.391253,2025-07-29T03:42:28.795667+00:00Z,0,9,1,1,0
478,Midland Ave / Kingston Rd,43.7128578,-79.2487086,2025-07-29T03:42:28.934553+00:00Z,8,10,1,1,7
479,Weston Rd / Gaydon Ave,43.720581848570575,-79.53729089399313,2025-07-29T03:42:29.217234+00:00Z,0,11,1,1,0
480,Firvalley Ct / Warden Ave,43.7032112,-79.2787149,2025-07-29T03:42:28.934525+00:00Z,1,17,1,1,1
481,OCAD University,43.65231552304792,-79.39091185000235,2025-07-29T03:42:29.068700+00:00Z,6,16,1,1,0
482,Galbraith Rd / King's College Rd,43.6603874468082,-79.39537831814152,2025-07-29T03:42:28.791326+00:00Z,0,15,1,1,0
483,Christie St / Benson Ave (Wychwood Barns),43.68,-79.42500000000001,2025-07-29T03:42:28.788786+00:00Z,3,16,1,1,3
484,Portland St / Wellington St W,43.64290167152932,-79.39937033134326,2025-07-29T03:42:29.068632+00:00Z,9,3,1,1,0
485,697 Lansdowne Ave ,43.659221843735615,-79.44277410244676,2025-07-29T03:42:28.935460+00:00Z,0,17,1,1,0
486,University Ave / Pearl St ,43.64836809385241,-79.3853510232788,2025-07-29T03:42:29.068320+00:00Z,0,18,1,1,0
487,Annette St / Dundas St W,43.6641174,-79.4588522,2025-07-29T03:42:28.879592+00:00Z,1,13,1,1,0
488,Mutual St / Shuter St,43.654919677554936,-79.374960865926,2025-07-29T03:42:29.216780+00:00Z,13,7,1,1,2
489,Parkcrest Dr / Kingston Rd,43.73596719224253,-79.21995221481933,2025-07-29T03:42:28.934411+00:00Z,2,13,1,1,0
490,Macpherson Ave / Spadina Rd,43.675791,-79.40698,2025-07-29T03:42:28.788714+00:00Z,2,12,1,1,0
491,Lawrence Ave E / Don Mills Trail,43.73458185912293,-79.35485399272919,2025-07-29T03:42:29.069146+00:00Z,6,10,1,1,1
492,Albion Rd/ Arcot Blvd,43.727621709316395,-79.55254902939286,2025-07-29T03:42:29.068347+00:00Z,1,14,1,1,0
493,Richmond St E / Yonge St,43.651838,-79.378743,2025-07-29T03:42:28.795292+00:00Z,0,15,1,1,0
494,Birchcliff Ave / Kingston Rd,43.691688,-79.265027,2025-07-29T03:42:28.933558+00:00Z,10,3,1,1,0
495,Randolph Ave / Perth Ave,43.6585504,-79.4497659,2025-07-29T03:42:28.933458+00:00Z,3,16,1,1,0
496,Bathurst St / Fort York Blvd,43.639179,-79.399595,2025-07-29T03:42:28.789741+00:00Z,18,0,1,1,0
497,Jane St / Bloor St W (Jane Subway Station),43.64976,-79.48477,2025-07-29T03:42:28.795483+00:00Z,13,1,1,1,8
498,Dundas St E / Boulton Ave - SMART,43.663148,-79.347938,2025-07-29T03:42:28.794745+00:00Z,15,0,1,1,1
499,Amos Waites Park,43.613606,-79.4883535,2025-07-29T03:42:28.796204+00:00Z,26,0,1,1,0
500,King St E / River St,43.656784782853144,-79.35627385059036,2025-07-29T03:42:28.788291+00:00Z,14,1,1,1,0
501,Lansdowne Subway Station,43.65922918158098,-79.44320901022282,2025-07-29T03:42:28.789770+00:00Z,1,22,1,1,0
502,Twelfth St / Thirteenth St,43.6002896,-79.5108692,2025-07-29T03:42:28.879456+00:00Z,21,0,1,1,0
503,Oak St / Sumach St,43.6617908,-79.361515,2025-07-29T03:42:28.878262+00:00Z,27,0,1,1,0
504,Berkeley St / Dundas St E - SMART,43.658816,-79.367318,2025-07-29T03:42:28.796174+00:00Z,25,13,1,1,2
505,Bathurst Subway Station,43.6666667,-79.41166666666668,2025-07-29T03:42:28.789516+00:00Z,5,16,1,1,1
506,King St W / Fraser Ave,43.6394444,-79.42527777777778,2025-07-29T03:42:28.788800+00:00Z,10,4,1,1,0
507,Dundas St W / St Helen's Ave - SMART,43.6504218,-79.4407647,2025-07-29T03:42:28.932839+00:00Z,2,23,1,1,0
508,Kingston Rd / Warden Ave,43.68824135931814,-79.27046628033244,2025-07-29T03:42:28.933516+00:00Z,4,10,1,1,0
509,Cruickshank Park,43.7023860650084,-79.52594758324148,2025-07-29T03:42:28.935374+00:00Z,0,11,1,1,0
510,York Mills Rd / Lesmill Rd,43.7549215557014,-79.35174838465576,2025-07-29T03:42:29.069282+00:00Z,9,3,1,1,0
511,Dufferin St / Bloor St W,43.66083333333333,-79.43583333333333,2025-07-29T03:42:28.789557+00:00Z,0,22,1,1,0
512,Pioneer Village Subway Station,43.77649016265579,-79.5085364909097,2025-07-29T03:42:28.933993+00:00Z,10,0,1,1,0
513,Yonge St / Dundonald St ,43.66596010067729,-79.38461360978698,2025-07-29T03:42:29.217285+00:00Z,0,26,1,1,0
514,Church St / Alexander St,43.663722,-79.380288,2025-07-29T03:42:28.733844+00:00Z,4,29,1,1,1
515,Riverdale Park South (Broadview Ave),43.667819,-79.35347,2025-07-29T03:42:28.788222+00:00Z,3,11,1,1,0
516,552 Birchmount Rd,43.71176278859601,-79.27028152889692,2025-07-29T03:42:28.934497+00:00Z,1,14,1,1,0
517,Shaughnessy Blvd / Sheppard Ave E,43.77351462694018,-79.35306224113921,2025-07-29T03:42:29.069337+00:00Z,12,1,1,1,0
518,Jane St / Finch Ave W,43.759292283169536,-79.5183741465576,2025-07-29T03:42:29.067923+00:00Z,10,5,1,1,0
519,King St W / Wilson Park Blvd,43.6372958,-79.4423237,2025-07-29T03:42:28.790264+00:00Z,4,14,1,1,2
520,Beltline Trail / Chaplin Cres,43.704461,-79.423122,2025-07-29T03:42:28.791297+00:00Z,2,12,1,1,2
521,Howard St / Sherbourne St,43.6712581,-79.376367,2025-07-29T03:42:28.788419+00:00Z,2,27,1,1,0
522,Benshire Dr / The Meadoway,43.76174092019504,-79.24473961415558,2025-07-29T03:42:29.068883+00:00Z,0,11,1,1,0
523,St Clarens Ave / College St,43.651238,-79.43868,2025-07-29T03:42:28.789825+00:00Z,5,8,1,1,1
524,11 Spadina Rd,43.6677246,-79.4041365,2025-07-29T03:42:28.933282+00:00Z,0,14,1,1,0
525,Brookdale Ave / Yonge St,43.72991999271573,-79.40372719797139,2025-07-29T03:42:29.069633+00:00Z,2,12,1,1,2
526,Victoria Park Ave / Kingston Rd,43.68035,-79.28357,2025-07-29T03:42:28.933502+00:00Z,1,13,1,1,1
527,Palmerston Ave / Dundas St W,43.651603,-79.408346,2025-07-29T03:42:28.796450+00:00Z,15,5,1,1,2
528,Old Cummer GO Station,43.79442338280241,-79.36925879507179,2025-07-29T03:42:29.216353+00:00Z,13,7,1,1,0
529,Strachan Ave / East Liberty St - SMART,43.63906470236988,-79.41080996164456,2025-07-29T03:42:29.068474+00:00Z,21,2,1,1,1
530,Tommy Thompson Park (Leslie Street Spit),43.65222662225532,-79.32295440954084,2025-07-29T03:42:28.791287+00:00Z,8,18,1,1,0
531,Eglinton Ave E / Mason Rd ,43.742037440522616,-79.22488680080262,2025-07-29T03:42:29.069133+00:00Z,2,9,1,1,0
532,Grenville St / Yonge St ,43.662029346625715,-79.38360958402289,2025-07-29T03:42:29.217055+00:00Z,2,11,1,1,1
533,Livingston Rd / Guildwood Pkwy,43.747854,-79.199327,2025-07-29T03:42:28.879191+00:00Z,0,19,1,1,0
534,Polson Pier,43.641675,-79.354006,2025-07-29T03:42:28.792099+00:00Z,2,19,1,1,0
535,Cherry Beach,43.637764,-79.345359,2025-07-29T03:42:28.791189+00:00Z,27,19,1,1,0
536,Little Norway Park,43.635023,-79.399505,2025-07-29T03:42:28.792182+00:00Z,15,2,1,1,0
537,Heyworth Cres / Kingston Rd,43.6750806,-79.3068697,2025-07-29T03:42:28.933121+00:00Z,15,4,1,1,1
538,Hillsdale Ave W / Yonge St,43.7029672,-79.3979073,2025-07-29T03:42:28.878721+00:00Z,2,13,1,1,1
539,Christie St / Dupont St,43.67168,-79.421192,2025-07-29T03:42:28.933063+00:00Z,2,15,1,1,0
540,Victoria Park Subway Station - SMART,43.695101521988285,-79.28970303201599,2025-07-29T03:42:29.216012+00:00Z,3,8,1,1,0
541,Opposite 1103 Leslie St,43.72093164598881,-79.34989416350709,2025-07-29T03:42:29.068001+00:00Z,13,3,1,1,0
542,Elm St/ University Ave (East Side),43.65637299999999,-79.38781039999999,2025-07-29T03:42:28.879679+00:00Z,0,15,1,1,0
543,Queen St. E / Eastern Ave,43.667208,-79.312315,2025-07-29T03:42:28.790930+00:00Z,2,10,1,1,0
544,75 Tandridge Cres,43.729578273586064,-79.54699793872719,2025-07-29T03:42:29.068376+00:00Z,4,11,1,1,0
545,McRae Dr / Laird Dr - SMART,43.70979296822595,-79.36389214460489,2025-07-29T03:42:29.068461+00:00Z,13,11,1,1,1
546,Gerrard St E / Broadview Ave  - SMART,43.665656,-79.352055,2025-07-29T03:42:28.790763+00:00Z,16,2,1,1,0
547,Yonge St / Bloor St,43.669969,-79.386532,2025-07-29T03:42:28.790426+00:00Z,0,18,1,1,0
548,King St W / York St (2),43.647968822765,-79.38316961352653,2025-07-29T03:42:29.068251+00:00Z,0,17,1,1,0
549,Lisgar St / Dundas St W - SMART,43.6493472,-79.42668,2025-07-29T03:42:28.791424+00:00Z,1,4,1,1,1
550,College St / Henry St ,43.6591529,-79.3947953,2025-07-29T03:42:28.933948+00:00Z,0,13,1,1,0
551,Sherbourne St / Isabella St,43.669576,-79.375961,2025-07-29T03:42:28.790901+00:00Z,9,9,1,1,2
552,Front St E / Cooperage St,43.65296378015573,-79.35711048354281,2025-07-29T03:42:29.217096+00:00Z,19,0,1,1,0
553,Yonge St / Alexander St - SMART,43.662862,-79.383572,2025-07-29T03:42:28.790637+00:00Z,3,12,1,1,0
554,Fort York Blvd / Grand Magazine St,43.63758782904466,-79.40314232209015,2025-07-29T03:42:29.068814+00:00Z,14,2,1,1,1
555,Bathurst St / Sheppard Ave W,43.7551762288098,-79.43812182651081,2025-07-29T03:42:29.216310+00:00Z,3,10,1,1,0
556,Kennedy Rd/Ranstone Gdns (Jack Goodlad Park),43.74190570940633,-79.27181887640458,2025-07-29T03:42:29.068997+00:00Z,1,14,1,1,1
557,Dundas St W / Prince Edward Dr N,43.660324268765464,-79.51154350422973,2025-07-29T03:42:29.067970+00:00Z,1,16,1,1,1
558,Royal York Rd / Lake Shore Blvd W,43.6029904,-79.4926867,2025-07-29T03:42:28.879350+00:00Z,17,0,1,1,0
559,Armoury St / Chestnut St,43.65351799690878,-79.38591063795928,2025-07-29T03:42:28.934008+00:00Z,1,8,1,1,0
560,Humberside Grounds - SMART,43.65917,-79.46997,2025-07-29T03:42:28.795921+00:00Z,1,18,1,1,1
561,Lower Sherbourne St / The Esplanade,43.648655,-79.367061,2025-07-29T03:42:28.788249+00:00Z,23,0,1,1,0
562,Symes Rd / Glen Scarlett Rd - SMART,43.673391524931525,-79.47798367814572,2025-07-29T03:42:29.068529+00:00Z,0,16,1,1,0
563,Bloor St W / Riverside Dr,43.647663,-79.487583,2025-07-29T03:42:28.879499+00:00Z,6,15,1,1,0
564,Goodwood Park Crt / Dentonia Park,43.694826,-79.295208,2025-07-29T03:42:28.795127+00:00Z,0,18,1,1,0
565,Dundas St W / Crawford St,43.649722,-79.416944,2025-07-29T03:42:28.790095+00:00Z,3,41,1,1,2
566,Amroth Ave / Danforth Ave,43.6856128,-79.31168269999999,2025-07-29T03:42:28.879784+00:00Z,7,12,1,1,3
567,Homewood Ave / Wellesley St E - SMART,43.666978011780685,-79.37594518686855,2025-07-29T03:42:29.216520+00:00Z,5,6,1,1,3
568,Downsview Park Subway Station - SMART,43.753107,-79.479626,2025-07-29T03:42:28.934191+00:00Z,1,19,1,1,0
569,Strachan Ave / Princes' Blvd,43.635,-79.4088888888889,2025-07-29T03:42:28.789670+00:00Z,9,7,1,1,0
570,Alameda Ave / Vaughan Rd - SMART,43.690903,-79.4375028,2025-07-29T03:42:28.878757+00:00Z,0,16,1,1,0
571,Sheppard Ave E / Leslie St,43.77114830031903,-79.36381166455688,2025-07-29T03:42:29.069322+00:00Z,16,3,1,1,0
572,Merton St / Mount Pleasant Rd,43.697819,-79.38786,2025-07-29T03:42:28.792306+00:00Z,4,19,1,1,0
573,King St W / Tecumseth St,43.64333333333333,-79.40555555555557,2025-07-29T03:42:28.789582+00:00Z,13,5,1,1,0
574,Simcoe St / King St W,43.647508351306186,-79.38604436555764,2025-07-29T03:42:28.934065+00:00Z,0,10,1,1,0
575,Mill St / Parliament St,43.650256,-79.36163,2025-07-29T03:42:28.790852+00:00Z,13,1,1,1,0
576,Queen St E / Rhodes Ave,43.666224,-79.317693,2025-07-29T03:42:28.790891+00:00Z,12,9,1,1,1
577,High Park Blvd / Parkside Dr,43.64456431942226,-79.45737058972283,2025-07-29T03:42:29.216144+00:00Z,13,0,1,1,2
578,Gerrard Square Mall (1010 Gerrard St E),43.668553,-79.338673,2025-07-29T03:42:28.791119+00:00Z,21,2,1,1,2
579,Jane St / Haney Ave,43.6743457123134,-79.4948437786083,2025-07-29T03:42:28.935289+00:00Z,2,17,1,1,2
580,Talbot Rd / Finch Hydro Corridor,43.78225298110634,-79.42367062831116,2025-07-29T03:42:29.069119+00:00Z,3,11,1,1,0
581,Davenport Rd / Christie St,43.675278,-79.423889,2025-07-29T03:42:28.788675+00:00Z,4,22,1,1,0
582,York St / Queen St W (City Hall),43.65160619179464,-79.38404693334348,2025-07-29T03:42:29.215998+00:00Z,0,22,1,1,0
583,St. George St / Hoskin Ave,43.6637403,-79.39806449999999,2025-07-29T03:42:28.789873+00:00Z,1,12,1,1,1
584,Felstead Ave/Gillard Ave (Monarch Park),43.6791345,-79.3263159,2025-07-29T03:42:28.933223+00:00Z,9,18,1,1,0
585,Lumsden Ave / Cedarvale Ave,43.693187,-79.314283,2025-07-29T03:42:28.933327+00:00Z,4,6,1,1,3
586,Jarvis St / Maitland Pl,43.6647688,-79.3772602,2025-07-29T03:42:28.795184+00:00Z,4,11,1,1,0
587,Livingston Rd (Highland Creek Trail),43.7561681,-79.2026694,2025-07-29T03:42:28.879207+00:00Z,0,18,1,1,0
588,Hawksbury Dr / Sheppard Ave E ,43.76816239444779,-79.38312075158996,2025-07-29T03:42:29.069308+00:00Z,5,5,1,1,0
589,College Park - Yonge St Entrance,43.65988,-79.38279,2025-07-29T03:42:28.792253+00:00Z,6,18,1,1,1
590,Maida Vale Park,43.73310396818645,-79.27702819926358,2025-07-29T03:42:29.216739+00:00Z,5,6,1,1,0
591,Birchmount Rd / Kingston Rd,43.69401297794256,-79.26257204548136,2025-07-29T03:42:28.933572+00:00Z,9,5,1,1,2
592,Richmond St W / Bathurst St,43.64666748425228,-79.40299591349182,2025-07-29T03:42:29.068746+00:00Z,13,0,1,1,0
593,Kingston Rd / Ridgemoor Ave,43.70643614257429,-79.25104443353288,2025-07-29T03:42:28.933627+00:00Z,3,9,1,1,2
594,Shaw St / College St,43.6551193,-79.4201454,2025-07-29T03:42:29.216041+00:00Z,10,1,1,1,0
595,Mabelle Park,43.645389479325615,-79.5276822170925,2025-07-29T03:42:28.934966+00:00Z,0,15,1,1,0
596,Lake Shore Blvd W / Seventeenth St,43.59841926031898,-79.51561102394257,2025-07-29T03:42:28.934952+00:00Z,10,0,1,1,0
597,111 Broadview Ave,43.6593483,-79.34993659999999,2025-07-29T03:42:28.933178+00:00Z,14,0,1,1,0
598,Colonel Danforth Park,43.7777114,-79.1659711,2025-07-29T03:42:28.879238+00:00Z,8,10,1,1,0
599,Ionview Rd / Eglinton Ave E,43.73170279350989,-79.27149201786922,2025-07-29T03:42:29.216654+00:00Z,4,6,1,1,2
600,Spadina Ave / Adelaide St W,43.6472019,-79.3953394,2025-07-29T03:42:28.790533+00:00Z,1,12,1,1,0
601,Joseph J Piccininni Community Centre,43.675648,-79.4527619,2025-07-29T03:42:28.796365+00:00Z,0,17,1,1,0
602,Exhibition GO (Atlantic Ave),43.637695491830144,-79.42023184193503,2025-07-29T03:42:28.789842+00:00Z,0,14,1,1,0
603,Rockcliffe Blvd / Alliance Ave,43.67651939727437,-79.48942027086547,2025-07-29T03:42:29.217152+00:00Z,1,7,1,1,0
604,Broadview Ave / Westwood Ave,43.6848652,-79.356602,2025-07-29T03:42:28.791247+00:00Z,11,11,1,1,2
605,Western Battery Rd / Pirandello St,43.640075,-79.414156,2025-07-29T03:42:28.795156+00:00Z,26,1,1,1,1
606,Ward's Island Ferry Dock,43.62946009688497,-79.35615465421839,2025-07-29T03:42:29.216239+00:00Z,24,1,1,1,0
607,Gibraltar Point Beach,43.613194,-79.387683,2025-07-29T03:42:29.216839+00:00Z,7,27,1,1,0
608,Gordonridge Pl / Danforth Rd,43.72729077290258,-79.25237907196654,2025-07-29T03:42:29.069055+00:00Z,1,14,1,1,1
609,Bathurst St / Front St W,43.64134790000001,-79.4013882,2025-07-29T03:42:28.932988+00:00Z,29,0,1,1,0
610,Queen St E / Nursewood Rd,43.673831,-79.281455,2025-07-29T03:42:28.791384+00:00Z,18,0,1,1,0
611,Kingston Rd / Markham Rd,43.73878438927323,-79.21746485700835,2025-07-29T03:42:29.069391+00:00Z,2,13,1,1,0
612,Danforth Ave / Gough Ave,43.678401,-79.346289,2025-07-29T03:42:28.788107+00:00Z,10,13,1,1,1
613,E.T. Seton Park (Eglinton Ave E / Leslie St),43.715951,-79.351246,2025-07-29T03:42:28.795212+00:00Z,12,13,1,1,0
614,Brimley Rd / McCowan District Park,43.72704086366749,-79.24391402446746,2025-07-29T03:42:28.934397+00:00Z,8,10,1,1,0
615,36 Park Lawn Rd,43.62369169999999,-79.4838132,2025-07-29T03:42:28.933825+00:00Z,5,9,1,1,1
616,Bridlewood Park,43.783271135570466,-79.31732800144945,2025-07-29T03:42:29.216984+00:00Z,0,10,1,1,0
617,Simcoe St / Wellington St W North,43.6462176,-79.3855048,2025-07-29T03:42:28.791090+00:00Z,0,13,1,1,0
618,Humber Bay Shores Park East,43.6308933,-79.4722622,2025-07-29T03:42:28.790795+00:00Z,18,4,1,1,1
619,Ridge Rd / Wilson Ave ,43.723786959308256,-79.49416269814759,2025-07-29T03:42:29.216172+00:00Z,3,16,1,1,0
620,2300 Lakeshore Blvd W,43.61868,-79.48674,2025-07-29T03:42:28.795369+00:00Z,12,0,1,1,0
621,Wellesley St E / Jarvis St,43.6662047,-79.37901219999999,2025-07-29T03:42:29.068868+00:00Z,2,19,1,1,1
622,Howard Park Ave / Parkside Dr,43.648657,-79.458111,2025-07-29T03:42:28.933658+00:00Z,5,9,1,1,1
623,Ramsden Park,43.676184561302776,-79.38962496400146,2025-07-29T03:42:29.068590+00:00Z,1,14,1,1,1
624,Sackville St / Eastern Ave - SMART,43.653809,-79.3595,2025-07-29T03:42:28.795654+00:00Z,11,0,1,1,0
625,Willingdon Blvd / Bloor St W (Green P),43.64817,-79.510392,2025-07-29T03:42:28.933799+00:00Z,1,13,1,1,1
626,Niagara St / Richmond St W,43.64534,-79.409597,2025-07-29T03:42:28.733872+00:00Z,31,8,1,1,0
627,Simcoe St / Pullan Pl,43.65105290412541,-79.38764943227872,2025-07-29T03:42:29.068488+00:00Z,1,44,1,1,0
628,Dalton Rd / Bloor St W,43.6662942,-79.4066433,2025-07-29T03:42:28.734026+00:00Z,0,11,1,1,0
629,Bond Ave / Don Mills Trail,43.74475834253035,-79.35348069940567,2025-07-29T03:42:29.069226+00:00Z,5,14,1,1,0
630,Grenoble Dr / Gateway Blvd,43.71513211098082,-79.33413623320465,2025-07-29T03:42:28.934079+00:00Z,11,3,1,1,0
631,King St E / Victoria St,43.6495789,-79.3762096,2025-07-29T03:42:28.791081+00:00Z,12,6,1,1,0
632,Kendal Ave / Bernard Ave,43.671513,-79.408317,2025-07-29T03:42:28.788760+00:00Z,3,12,1,1,0
633,Oak St / Sackville St,43.6613642,-79.3641171,2025-07-29T03:42:28.933194+00:00Z,16,0,1,1,0
634,Hanna Ave / Liberty St,43.638608601636705,-79.41965437361068,2025-07-29T03:42:28.788648+00:00Z,10,17,1,1,3
635,Kendal Ave / Spadina Rd,43.670318,-79.405181,2025-07-29T03:42:28.788636+00:00Z,0,8,1,1,0
636,McGill St / Church St,43.660694,-79.379052,2025-07-29T03:42:28.734218+00:00Z,7,7,1,1,0
637,Lynn Williams St / Pirandello St ,43.639124514797004,-79.41423166721611,2025-07-29T03:42:28.934293+00:00Z,15,0,1,1,0
638,Coronation Park (Martin Goodman Trail),43.635007,-79.403341,2025-07-29T03:42:28.933238+00:00Z,5,11,1,1,0
639,Waterfront Trail (Rouge Hill),43.778015,-79.131911,2025-07-29T03:42:28.879253+00:00Z,7,4,1,1,0
640,Summerhill Subway Station,43.68201189061227,-79.39130701852416,2025-07-29T03:42:29.216056+00:00Z,0,10,1,1,0
641,Walter Saunders Park,43.699327072589426,-79.4493630391668,2025-07-29T03:42:28.933845+00:00Z,2,10,1,1,2
642,Broadview Subway Station,43.6772,-79.35858,2025-07-29T03:42:28.791825+00:00Z,11,2,1,1,1
643,Beaty Ave / Queen St W,43.6393107,-79.4408141,2025-07-29T03:42:28.879825+00:00Z,11,6,1,1,0
644,Gilder Dr / Midland Ave,43.7365986,-79.2578451,2025-07-29T03:42:29.216679+00:00Z,8,7,1,1,0
645,East Lynn Ave / Danforth Ave,43.6850809,-79.3149901,2025-07-29T03:42:28.879636+00:00Z,2,10,1,1,1
646,Humber Bay Shores Park / Marine Parade Dr,43.626265,-79.476723,2025-07-29T03:42:28.796190+00:00Z,14,47,1,1,0
647,Wilket Creek Park,43.720645,-79.355474,2025-07-29T03:42:28.879131+00:00Z,7,19,1,1,0
648,Balliol St / Yonge St - SMART,43.6978701,-79.39419,2025-07-29T03:42:28.791630+00:00Z,16,19,1,1,1
649,Cherry St / Distillery Ln,43.650279,-79.356832,2025-07-29T03:42:28.788333+00:00Z,11,1,1,1,1
650,Ellis Ave / The Queensway,43.63855,-79.46693,2025-07-29T03:42:28.795468+00:00Z,13,0,1,1,0
651,Ulster St / Bathurst St,43.66,-79.4088888888889,2025-07-29T03:42:28.789942+00:00Z,1,7,1,1,0
652,Hayter St / La Plante Ave,43.6591666666667,-79.3855555555556,2025-07-29T03:42:28.789604+00:00Z,3,18,1,1,1
653,Lisgar St / Queen St W - SMART,43.64299174164139,-79.42355911563249,2025-07-29T03:42:28.934697+00:00Z,16,0,1,1,1
654,King's Mill Park,43.64920406876699,-79.49336334201408,2025-07-29T03:42:28.879769+00:00Z,8,19,1,1,2
655,Richmond St E / Jarvis St Green P,43.652634,-79.374222,2025-07-29T03:42:28.733929+00:00Z,2,14,1,1,0
656,Scrivener Sq / Yonge St,43.680566503025645,-79.3908297264401,2025-07-29T03:42:29.215940+00:00Z,0,15,1,1,0
657,Rogers Rd / Bicknell Ave,43.68189526215492,-79.4736382392868,2025-07-29T03:42:28.935346+00:00Z,0,23,1,1,0
658,Soudan Ave / Yonge St ,43.70430959999999,-79.3972815,2025-07-29T03:42:28.934655+00:00Z,8,10,1,1,0
659,Ferrand Dr / Rochefort Dr,43.719632535237835,-79.33199950866776,2025-07-29T03:42:28.934107+00:00Z,3,15,1,1,0
660,Yonge St / Orchard View Blvd,43.7083577,-79.39886200000001,2025-07-29T03:42:28.791740+00:00Z,20,13,1,1,0
661,East Liberty St / Western Battery Rd,43.6392777,-79.4115736,2025-07-29T03:42:28.791011+00:00Z,17,0,1,1,0
662,Yonge St / North York Blvd,43.76726589934926,-79.41263489814757,2025-07-29T03:42:29.069213+00:00Z,3,20,1,1,0
663,Lake Shore Blvd W / Thirty Ninth Street,43.5927419,-79.54033009999999,2025-07-29T03:42:28.877932+00:00Z,6,13,1,1,0
664,Euclid Ave / Bloor St W,43.664467,-79.414783,2025-07-29T03:42:28.733786+00:00Z,0,17,1,1,0
665,Dundas St E / Parliament St,43.659575,-79.365769,2025-07-29T03:42:28.734067+00:00Z,13,0,1,1,1
666,Lisgar Park,43.6423847,-79.4240277,2025-07-29T03:42:28.796338+00:00Z,33,1,1,1,3
667,Lake Shore Blvd W / Long Branch Ave,43.59445833196281,-79.53387390859834,2025-07-29T03:42:28.935005+00:00Z,1,8,1,1,0
668,Lillian St / Soudan Ave - SMART,43.70607287248461,-79.39356161653288,2025-07-29T03:42:29.068660+00:00Z,10,22,1,1,0
669,Cosburn Ave / Donlands Ave,43.690537,-79.341307,2025-07-29T03:42:28.791267+00:00Z,10,6,1,1,0
670,Luttrell Ave / Danforth Ave,43.6897656,-79.2939525,2025-07-29T03:42:28.933785+00:00Z,0,15,1,1,0
671,Jane St / Queens Dr,43.70673804962302,-79.50477543802873,2025-07-29T03:42:28.935416+00:00Z,0,13,1,1,0
672,Bloor St W / High Park Ave (High Park),43.6535269,-79.4650569,2025-07-29T03:42:28.790224+00:00Z,13,8,1,1,3
673,Scarlett Rd / Eileen Ave,43.668510906505354,-79.5007648392868,2025-07-29T03:42:28.935303+00:00Z,1,13,1,1,0
674,Front St E / Scott St,43.6476616,-79.37549,2025-07-29T03:42:28.791452+00:00Z,4,4,1,1,0
675,Queen St W / Dovercourt Rd,43.6438602,-79.4227573,2025-07-29T03:42:28.789979+00:00Z,9,0,1,1,0
676,Warden Ave / The Meadoway,43.735547813563755,-79.2905190837737,2025-07-29T03:42:29.216533+00:00Z,9,1,1,1,0
677,Lake Shore Blvd W / Ellis Ave,43.635932,-79.465083,2025-07-29T03:42:28.790180+00:00Z,14,1,1,1,0
678,Dundas St W / St. Patrick St,43.6545174,-79.3895315,2025-07-29T03:42:28.790504+00:00Z,8,6,1,1,0
679,Yonge St / Golfdale Rd,43.732016,-79.403637,2025-07-29T03:42:28.878982+00:00Z,2,13,1,1,2
680,Ossington Ave / Harrison St,43.651111111111106,-79.4213888888889,2025-07-29T03:42:28.790122+00:00Z,10,7,1,1,0
681,35 Erindale Ave,43.67729,-79.35741,2025-07-29T03:42:29.068403+00:00Z,14,8,1,1,12
682,Adelaide St W / Strachan Ave,43.643253094827294,-79.41230469904167,2025-07-29T03:42:28.795391+00:00Z,5,9,1,1,0
683,Duncan Mill Rd / Valleybrook Dr,43.76167125342455,-79.35258302698364,2025-07-29T03:42:29.069254+00:00Z,5,10,1,1,1
684,The Kingsway / Ashley Rd,43.66279594478841,-79.51959827976225,2025-07-29T03:42:29.067955+00:00Z,1,12,1,1,0
685,Northern Dancer Blvd / Lake Shore Blvd E,43.663162,-79.309765,2025-07-29T03:42:29.216396+00:00Z,3,22,1,1,1
686,Weston Rd / St. Clair Ave W,43.673019,-79.467994,2025-07-29T03:42:28.878125+00:00Z,0,17,1,1,0
687,Albany Ave / Dupont St,43.67348899977229,-79.41339520555726,2025-07-29T03:42:29.069031+00:00Z,6,9,1,1,0
688,Concord Ave / Dewson St,43.656945,-79.424911,2025-07-29T03:42:28.791346+00:00Z,16,1,1,1,2
689,Dufferin St / Finch Corridor Trail,43.7724019,-79.4675395,2025-07-29T03:42:28.878842+00:00Z,1,17,1,1,0
690,1525 Dundas St W,43.64957,-79.432446,2025-07-29T03:42:28.932902+00:00Z,12,1,1,1,2
691,Princess St / Front St E,43.650297574961044,-79.36648460341635,2025-07-29T03:42:29.068195+00:00Z,13,0,1,1,0
692,Pharmacy Ave / Danforth Ave,43.6929478,-79.28339980000001,2025-07-29T03:42:28.933530+00:00Z,1,14,1,1,0
693,Scarborough Village Park,43.74715113437855,-79.21450235913849,2025-07-29T03:42:29.216425+00:00Z,0,11,1,1,0
694,Scott St / The Esplanade,43.64659663170443,-79.37530913867988,2025-07-29T03:42:28.733387+00:00Z,7,12,1,1,0
695,St. Clair Ave W / Gunns Rd,43.672079,-79.470171,2025-07-29T03:42:28.878111+00:00Z,1,21,1,1,0
696,Sorauren Ave / Geoffrey St - SMART,43.649172,-79.4445087,2025-07-29T03:42:28.790362+00:00Z,4,10,1,1,0
697,Downsview Park Blvd / Keele St  - SMART,43.73673829262113,-79.48227195568086,2025-07-29T03:42:28.934219+00:00Z,12,7,1,1,0
698,Winona Dr / Davenport Rd,43.674923,-79.430465,2025-07-29T03:42:28.790871+00:00Z,1,7,1,1,1
699,Bloor St W / Manning Ave - SMART,43.663912,-79.416124,2025-07-29T03:42:28.790371+00:00Z,1,40,1,1,1
700,Gerrard St E / Victoria Park Ave - SMART,43.686962,-79.286864,2025-07-29T03:42:28.795965+00:00Z,1,15,1,1,0
701,Toronto Inukshuk Park,43.6323994,-79.40978179999999,2025-07-29T03:42:28.878171+00:00Z,19,22,1,1,0
702,Finch Ave E / Midland Ave,43.80356565011367,-79.28669605472409,2025-07-29T03:42:29.216870+00:00Z,1,14,1,1,0
703,Mount Pleasant Rd / Davisville Ave - SMART,43.70088225686968,-79.38736016665911,2025-07-29T03:42:28.934163+00:00Z,0,15,1,1,0
704,Finch Subway Station ,43.781877158752955,-79.41528502874928,2025-07-29T03:42:28.934852+00:00Z,0,19,1,1,0
705,Wilson Ave / Transit Rd (TTC Subway Station),43.733458993753736,-79.45338806896149,2025-07-29T03:42:29.216824+00:00Z,8,15,1,1,0
706,Maxome Ave / Finch Hydro Corridor,43.78611619378111,-79.40039054088744,2025-07-29T03:42:29.216637+00:00Z,1,18,1,1,1
707,Willcocks St / St. George St,43.662085,-79.397735,2025-07-29T03:42:28.734081+00:00Z,0,15,1,1,0
708,Queens Quay E / Lower Sherbourne St,43.645215,-79.364898,2025-07-29T03:42:28.790543+00:00Z,23,0,1,1,0
709,Bridgman Ave / Kendal Ave,43.675556,-79.410278,2025-07-29T03:42:28.788730+00:00Z,0,13,1,1,0
710,Langford Ave / Danforth Ave - SMART,43.6800218,-79.3405681,2025-07-29T03:42:28.878966+00:00Z,21,10,1,1,0
711,St. George St / Willcocks St,43.662452744495575,-79.3978384219513,2025-07-29T03:42:29.068279+00:00Z,0,33,1,1,0
712,Prudential Dr / Midland Ave,43.74956621257908,-79.26572190926208,2025-07-29T03:42:29.216439+00:00Z,2,12,1,1,2
713,Eglinton Ave W / Ennerdale Rd,43.695032348609836,-79.45302971031188,2025-07-29T03:42:28.933741+00:00Z,1,13,1,1,1
714,Wallace Ave / Pauline Ave,43.6632257,-79.4397052,2025-07-29T03:42:28.796309+00:00Z,3,13,1,1,0
715,Lonsdale Rd / Spadina Rd,43.688526,-79.412903,2025-07-29T03:42:28.794852+00:00Z,2,10,1,1,2
716,Parkway Forest Dr / Forest Manor Rd (North),43.77470557954765,-79.34275329457512,2025-07-29T03:42:29.216593+00:00Z,1,16,1,1,0
717,Concord Ave / Bloor St W (South),43.661473871590324,-79.4267678838427,2025-07-29T03:42:29.216078+00:00Z,0,8,1,1,0
718,Roncesvalles Ave / Fermanagh Ave,43.646314469245205,-79.44879407014527,2025-07-29T03:42:28.933163+00:00Z,11,4,1,1,3
719,Warden Subway Station,43.71161098023304,-79.28055565662231,2025-07-29T03:42:28.934740+00:00Z,2,16,1,1,0
720,Riverdale Park North (Broadview Ave),43.671172,-79.354704,2025-07-29T03:42:28.788205+00:00Z,0,14,1,1,0
721,803 Richmond St W,43.644381896942434,-79.4108533793123,2025-07-29T03:42:29.069607+00:00Z,14,6,1,1,0
722,Queen St E / Berkeley St,43.6552778,-79.36583333333333,2025-07-29T03:42:28.788347+00:00Z,10,4,1,1,0
723,Queen St. E / Spruce Hill Rd.,43.672571,-79.289,2025-07-29T03:42:28.790951+00:00Z,15,0,1,1,5
724,Gerrard St E / Main St,43.684261,-79.299332,2025-07-29T03:42:28.795571+00:00Z,2,19,1,1,0
725,Bay St / Queens Quay W (Ferry Terminal),43.640978,-79.376785,2025-07-29T03:42:28.733450+00:00Z,1,33,1,1,0
726,Wellesley Station Green P,43.66496415990742,-79.38355031526893,2025-07-29T03:42:28.733265+00:00Z,9,3,1,1,7
727,Baldwin St / Spadina Ave - SMART,43.654905,-79.398448,2025-07-29T03:42:28.790445+00:00Z,2,15,1,1,0
728,Tyndall Ave / King St W - SMART,43.638426,-79.429142,2025-07-29T03:42:28.792293+00:00Z,6,9,1,1,1
729,Front St W / Blue Jays Way,43.643473,-79.390477,2025-07-29T03:42:28.734012+00:00Z,3,10,1,1,0
730,Gerrard St E / River St,43.663993,-79.358534,2025-07-29T03:42:28.788474+00:00Z,8,1,1,1,0
731,King St E / Jarvis St,43.650325,-79.372287,2025-07-29T03:42:28.733358+00:00Z,6,17,1,1,0
732,Bay St / Harbour St ,43.64215,-79.377,2025-07-29T03:42:28.933003+00:00Z,0,21,1,1,0
733,Thompson St / Carroll St,43.65907064983235,-79.35240134225845,2025-07-29T03:42:29.068787+00:00Z,9,9,1,1,2
734,Hillsdale Ave E / Mount Pleasant Rd,43.70512126615395,-79.3890271081274,2025-07-29T03:42:29.068686+00:00Z,8,7,1,1,2
735,Bloor St W / Kingsmill Rd,43.64927890131737,-79.50312995581972,2025-07-29T03:42:29.068138+00:00Z,0,11,1,1,0
736,Don Mills Rd / Fairview Mall Dr,43.77888550790407,-79.34837169762268,2025-07-29T03:42:29.069364+00:00Z,3,10,1,1,0
737,Berkeley St / Adelaide St E - SMART,43.653359,-79.365023,2025-07-29T03:42:28.796149+00:00Z,12,0,1,1,1
738,Front St W / University Ave (1),43.6451635,-79.3831757,2025-07-29T03:42:28.790991+00:00Z,2,14,1,1,0
739,Danforth Rd / Birchmount Rd ,43.70688,-79.26850999999999,2025-07-29T03:42:28.934482+00:00Z,1,14,1,1,1
740,Dunn Ave / Queen St W,43.639522754211804,-79.43395976815727,2025-07-29T03:42:29.068515+00:00Z,10,4,1,1,0
741,Braemar Ave / Eglinton Ave W,43.7041957,-79.4094472,2025-07-29T03:42:28.879303+00:00Z,2,12,1,1,2
742,John St  / Mercer St - SMART,43.6461,-79.3895,2025-07-29T03:42:28.790483+00:00Z,8,3,1,1,0
743,800 Fleet St (North),43.63682856154585,-79.40884160367011,2025-07-29T03:42:29.067940+00:00Z,28,4,1,1,22
744,Village Green Square,43.77826306735535,-79.28174956176564,2025-07-29T03:42:29.216999+00:00Z,1,13,1,1,0
745,25 York St – Union Station South,43.643667,-79.380414,2025-07-29T03:42:28.734123+00:00Z,3,8,1,1,0
746,Lawrence Ave W / Marlee Ave,43.715552692740914,-79.4461544565374,2025-07-29T03:42:29.069515+00:00Z,0,14,1,1,0
747,Nelson St / Duncan St,43.648711,-79.389728,2025-07-29T03:42:28.788263+00:00Z,4,26,1,1,0
748,Finch Ave W / Bathurst St,43.77356135731388,-79.44404830910908,2025-07-29T03:42:29.217166+00:00Z,2,16,1,1,0
749,Essex St / Christie St,43.6686111,-79.42027777777778,2025-07-29T03:42:28.788853+00:00Z,12,7,1,1,1
750,Lawrence Ave W / Bathurst St,43.71901032217961,-79.43009089116728,2025-07-29T03:42:29.217069+00:00Z,1,10,1,1,0
751,Eastwood Rd / Woodbine Ave - SMART,43.676216,-79.309395,2025-07-29T03:42:28.795593+00:00Z,7,5,1,1,0
752,G Ross Lord Park,43.7781116,-79.467963,2025-07-29T03:42:28.878859+00:00Z,0,19,1,1,0
753,Briar Hill Ave / Yonge St - SMART,43.713524,-79.400162,2025-07-29T03:42:28.795527+00:00Z,0,16,1,1,0
754,D'Arcy St / McCaul St - SMART,43.655227,-79.39201,2025-07-29T03:42:28.791800+00:00Z,1,13,1,1,0
755,Crawford St / Queen St W,43.645665,-79.415345,2025-07-29T03:42:28.791052+00:00Z,17,1,1,1,0
756,Queen St W / Ossington Ave,43.643975,-79.419576,2025-07-29T03:42:28.733712+00:00Z,9,31,1,1,2
757,Albany Ave / Bloor St W,43.66554144421798,-79.41010317605742,2025-07-29T03:42:28.933978+00:00Z,0,11,1,1,0
758,Bloor St W / Shaw St - SMART,43.662403,-79.423098,2025-07-29T03:42:28.790380+00:00Z,18,14,1,1,1
759,York St / Wellington St W (2),43.647043061824,-79.38314120681535,2025-07-29T03:42:29.068292+00:00Z,0,26,1,1,0
760,Lumsden Ave / Eastdale Ave,43.69413548199171,-79.30058718775287,2025-07-29T03:42:28.879087+00:00Z,3,17,1,1,1
761,Huntingwood Dr / Midland Ave,43.79684976584188,-79.28434245942852,2025-07-29T03:42:29.216885+00:00Z,3,5,1,1,0
762,Parliament St / Aberdeen Ave,43.665278,-79.368333,2025-07-29T03:42:28.788391+00:00Z,5,8,1,1,0
763,Driftwood Ave / Finch Corridor Trail,43.7603624,-79.5162777,2025-07-29T03:42:28.933904+00:00Z,5,14,1,1,0
764,Keele St / Annette St,43.66402,-79.46418,2025-07-29T03:42:28.792211+00:00Z,4,9,1,1,1
765,Lower Spadina Ave / Lake Shore Blvd W,43.638497,-79.39192,2025-07-29T03:42:28.790524+00:00Z,13,2,1,1,0
766,Temperance St / Bay St,43.6506,-79.381285,2025-07-29T03:42:28.933312+00:00Z,0,20,1,1,0
767,St. Clair Ave W / Robina Ave,43.68005,-79.43469,2025-07-29T03:42:28.933149+00:00Z,1,14,1,1,0
768,Colgate Ave / Carlaw Ave,43.6623658,-79.3413344,2025-07-29T03:42:28.933208+00:00Z,18,0,1,1,0
769,Park Lawn Rd / Berry Rd,43.63605238134247,-79.49325238769686,2025-07-29T03:42:28.933859+00:00Z,6,6,1,1,0
770,Lake Shore Blvd E / Leslie St,43.659195,-79.329196,2025-07-29T03:42:28.791316+00:00Z,15,3,1,1,0
771,51 Parliament St,43.652169,-79.362841,2025-07-29T03:42:28.734054+00:00Z,18,0,1,1,0
772,Emmett Ave,43.68735514096443,-79.50623313806341,2025-07-29T03:42:28.935388+00:00Z,1,17,1,1,0
773,York St / Harbour St (Love Park),43.64101663053319,-79.38035903750381,2025-07-29T03:42:28.934338+00:00Z,9,4,1,1,0
774,Bloor St W / Dundas St W,43.6563889,-79.45166666666667,2025-07-29T03:42:28.789709+00:00Z,1,14,1,1,0
775,Humber River Hospital ,43.72537884183677,-79.48719674218903,2025-07-29T03:42:28.935504+00:00Z,5,9,1,1,0
776,60 Carl Hall Rd - SMART,43.74796393423666,-79.47521217354125,2025-07-29T03:42:28.934205+00:00Z,13,7,1,1,0
777,Duncanwoods Dr / Finch Ave W,43.749068527534874,-79.55757362042176,2025-07-29T03:42:29.217314+00:00Z,0,15,1,1,0
778,Bay St / St. Joseph St,43.665527,-79.387499,2025-07-29T03:42:28.733597+00:00Z,0,14,1,1,0
779,Yonge St / Dundas Sq,43.655766,-79.3802,2025-07-29T03:42:28.792044+00:00Z,8,18,1,1,0
780,Bay St / College St (West Side) - SMART,43.660087,-79.385655,2025-07-29T03:42:28.790333+00:00Z,1,12,1,1,0
781,Pearldale Ave / Finch Ave W,43.74802633218643,-79.56258689333565,2025-07-29T03:42:29.217328+00:00Z,1,10,1,1,0
782,Amelia St / Sumach St,43.66852,-79.363525,2025-07-29T03:42:28.790911+00:00Z,4,4,1,1,3
783,Bond St / Queen St E,43.653236,-79.376716,2025-07-29T03:42:28.733858+00:00Z,1,31,1,1,0
784,Church St / Dundas St E - SMART,43.657024,-79.377257,2025-07-29T03:42:28.790628+00:00Z,2,15,1,1,0
785,Arlington Parkette,43.69105005197055,-79.43281746494293,2025-07-29T03:42:29.068061+00:00Z,1,14,1,1,1
786,Mortimer Ave / Carlaw Ave SMART,43.685167,-79.34962,2025-07-29T03:42:28.791812+00:00Z,7,3,1,1,4
787,Kingston Rd / Beech Ave,43.680095,-79.291714,2025-07-29T03:42:28.879161+00:00Z,2,11,1,1,2
788,Saulter St / Queen St E - SMART,43.65897697159562,-79.34715316627046,2025-07-29T03:42:29.215909+00:00Z,13,2,1,1,0
789,Rusholme Park Cres / College St,43.65277778,-79.42972222,2025-07-29T03:42:28.790069+00:00Z,11,3,1,1,0
790,Boston Ave / Queen St E- SMART,43.661601650964336,-79.33894582857273,2025-07-29T03:42:29.068542+00:00Z,11,0,1,1,1
791,Augusta Ave / Dundas St W,43.652473,-79.401456,2025-07-29T03:42:28.733682+00:00Z,9,3,1,1,2
792,Hocken Ave / Vaughan Rd,43.6817346,-79.4184725,2025-07-29T03:42:28.791355+00:00Z,3,16,1,1,2
793,12 Harbour St,43.6425636,-79.3762,2025-07-29T03:42:28.791754+00:00Z,11,2,1,1,1
794,York Recreation Centre,43.688153079245126,-79.48219789940566,2025-07-29T03:42:28.935261+00:00Z,3,19,1,1,1
795,Tobermory Dr / Finch Corridor Trail,43.7611741,-79.5114452,2025-07-29T03:42:28.933874+00:00Z,2,17,1,1,0
796,20 Charles St E,43.6691099,-79.38551,2025-07-29T03:42:28.791785+00:00Z,0,33,1,1,0
797,Priscilla Ave / Dundas St W,43.664665,-79.489385,2025-07-29T03:42:28.878068+00:00Z,3,18,1,1,1
798,Queens Quay E / Freeland St,43.64249948081925,-79.37285779318468,2025-07-29T03:42:29.215873+00:00Z,20,1,1,1,0
799,Dufferin St / Sylvan Av (Dufferin Grove Park),43.6555556,-79.43361111111112,2025-07-29T03:42:28.788839+00:00Z,12,6,1,1,0
800,Shuter St/River St,43.659296,-79.358035,2025-07-29T03:42:28.934367+00:00Z,15,0,1,1,0
801,York University Station (South) - SMART,43.77345,-79.5002,2025-07-29T03:42:28.932946+00:00Z,2,14,1,1,0
802,Frederick St / King St E,43.651118,-79.369411,2025-07-29T03:42:28.792382+00:00Z,24,20,1,1,0
803,19 Glendora Ave,43.75921143833388,-79.40960364801701,2025-07-29T03:42:29.068569+00:00Z,2,9,1,1,0
804,Wallace Ave / Symington Ave - SMART,43.661324,-79.449534,2025-07-29T03:42:28.790587+00:00Z,2,9,1,1,2
805,University Ave / Queen St W,43.65052424212547,-79.38672702579497,2025-07-29T03:42:28.792141+00:00Z,1,11,1,1,0
806,King St W / Joe Shuster Way,43.639444,-79.423611,2025-07-29T03:42:28.788813+00:00Z,19,1,1,1,0
807,Simcoe St / Wellington St W South,43.6458569,-79.3853654,2025-07-29T03:42:28.733997+00:00Z,0,21,1,1,0
808,Nassau St / Bellevue Ave,43.65484215542248,-79.40351232494366,2025-07-29T03:42:28.877822+00:00Z,6,6,1,1,0
809,Hanlan's Point Ferry Dock,43.6278286673252,-79.38962156604123,2025-07-29T03:42:29.216225+00:00Z,20,18,1,1,0
810,Pretoria Ave / Broadview Ave,43.6783213,-79.35822,2025-07-29T03:42:28.791257+00:00Z,12,7,1,1,4
811,Neil McLellan Park,43.65143,-79.47779,2025-07-29T03:42:28.795499+00:00Z,9,5,1,1,1
812,Dundonald St / Church St,43.66663,-79.38148,2025-07-29T03:42:28.733568+00:00Z,10,29,1,1,0
813,Union Station,43.645609,-79.380386,2025-07-29T03:42:29.216192+00:00Z,0,24,1,1,0
814,Bathurst St / Housey St,43.63781903961206,-79.40013176752855,2025-07-29T03:42:29.068774+00:00Z,20,2,1,1,0
815,Avenue Rd / Macpherson Ave ,43.67794376009951,-79.39836278587889,2025-07-29T03:42:28.934610+00:00Z,7,8,1,1,2
816,190 Queens Quay E,43.6451308,-79.36536439999999,2025-07-29T03:42:28.790804+00:00Z,13,2,1,1,0
817,265 Armadale Ave,43.6501644,-79.48296909999999,2025-07-29T03:42:28.933472+00:00Z,35,3,1,1,27
818,Logan Ave / Eastern Ave - SMART,43.657925501075496,-79.34143486929416,2025-07-29T03:42:29.215828+00:00Z,11,0,1,1,0
819,Gladstone Ave / Queen St W,43.64314139337404,-79.42728015945511,2025-07-29T03:42:28.934323+00:00Z,14,0,1,1,0
820,1 Shortt St,43.69592993313034,-79.45190139609524,2025-07-29T03:42:29.069646+00:00Z,15,21,1,1,15
821,Lake Shore Blvd E / Knox Ave,43.660206,-79.3244,2025-07-29T03:42:28.790980+00:00Z,11,0,1,1,0
822,Wychwood Ave / Benson Ave - SMART,43.6809164,-79.4229684,2025-07-29T03:42:28.790568+00:00Z,1,14,1,1,0
823,Morningside Ave / Kingston Rd,43.769079266710015,-79.18711363068849,2025-07-29T03:42:29.216477+00:00Z,4,10,1,1,0
824,Queen St W / Shaw St,43.6442457,-79.41610440000001,2025-07-29T03:42:28.933298+00:00Z,7,14,1,1,0
825,Victoria Park Ave / Patrick Blvd ,43.7777592874974,-79.32390892420574,2025-07-29T03:42:29.216942+00:00Z,2,10,1,1,0
826,Lake Shore Blvd W / Brow Dr,43.591410003452495,-79.54418190344097,2025-07-29T03:42:28.934022+00:00Z,7,8,1,1,0
827,The Pond Rd / Sentinel Rd,43.7696262,-79.5025943,2025-07-29T03:42:28.878794+00:00Z,2,24,1,1,0
828,365 Lippincott St,43.6649482,-79.40947,2025-07-29T03:42:29.068210+00:00Z,16,12,1,1,13
829,St. Clair West Subway Station - Heath St. W,43.686352,-79.415894,2025-07-29T03:42:28.879695+00:00Z,3,18,1,1,2
830,Fort York  Blvd / Capreol Ct,43.639832,-79.395954,2025-07-29T03:42:28.733239+00:00Z,32,10,1,1,0
831,Lawrence Ave E / Overture Rd,43.76564053924766,-79.19961493121338,2025-07-29T03:42:29.216464+00:00Z,4,2,1,1,0
832,Lansdowne Ave / Whytock Ave,43.6538888888889,-79.4413888888889,2025-07-29T03:42:28.789785+00:00Z,3,11,1,1,1
833,Queens Park Cres / College St ,43.66018127636866,-79.39083271520538,2025-07-29T03:42:29.068107+00:00Z,0,21,1,1,0
834,Kewbeach Ave / Kenilworth Ave,43.666325,-79.3014,2025-07-29T03:42:28.791394+00:00Z,14,8,1,1,0
835,Queens Quay E / Merchants' Wharf,43.64643026333144,-79.3618163165329,2025-07-29T03:42:29.067849+00:00Z,21,6,1,1,0
836,Lake Shore Blvd W / Windermere Ave,43.634896,-79.467763,2025-07-29T03:42:28.790234+00:00Z,15,2,1,1,0
837,Sumach St / Carlton St (Riverdale Farm),43.665867,-79.362506,2025-07-29T03:42:28.788460+00:00Z,7,4,1,1,2
838,Bloor St W / Pacific Ave,43.65412449999999,-79.4636388,2025-07-29T03:42:28.879708+00:00Z,3,0,1,1,0
839,Marie Curtis Park,43.5880774,-79.5432067,2025-07-29T03:42:28.879335+00:00Z,7,15,1,1,1
840,College St / Crawford St,43.655,-79.418889,2025-07-29T03:42:28.790055+00:00Z,13,3,1,1,1
841,Dundas St E / Pembroke St ,43.658295,-79.372346,2025-07-29T03:42:28.790598+00:00Z,8,6,1,1,1
842,Wells St / Brunswick Ave,43.67105163758377,-79.40904755211488,2025-07-29T03:42:29.069419+00:00Z,3,11,1,1,1
843,Rogers Rd / Prospect Cemetery,43.68323,-79.455765,2025-07-29T03:42:28.933700+00:00Z,0,23,1,1,0
844,Carlaw Ave / Danforth Ave,43.678248142816344,-79.34709655456162,2025-07-29T03:42:29.217270+00:00Z,8,4,1,1,0
845,Hubbard Blvd / Balsam Av,43.669328,-79.288949,2025-07-29T03:42:28.790961+00:00Z,16,2,1,1,1
846,Spadina Ave / Sussex Ave ,43.66402799999999,-79.40297869999999,2025-07-29T03:42:28.932856+00:00Z,1,29,1,1,0
847,541 Huron St - SMART,43.670206,-79.402643,2025-07-29T03:42:28.796406+00:00Z,5,10,1,1,1
848,Judson St / Royal York Rd,43.6162721,-79.4990363,2025-07-29T03:42:28.879514+00:00Z,1,17,1,1,0
849,Fort York Blvd / Bathurst St - SMART,43.639052,-79.399792,2025-07-29T03:42:28.791404+00:00Z,16,3,1,1,0
850,Keele St / Vine Ave,43.66686,-79.46526,2025-07-29T03:42:28.792224+00:00Z,0,21,1,1,0
851,College Park South,43.65945682499,-79.38236466864778,2025-07-29T03:42:28.734191+00:00Z,0,17,1,1,0
852,1926 Lake Shore Blvd W,43.6357643,-79.4674917,2025-07-29T03:42:28.933812+00:00Z,19,3,1,1,0
853,Wellington St W / Stafford St,43.6409957,-79.40966630000001,2025-07-29T03:42:28.790158+00:00Z,17,3,1,1,0
854,Centennial College (Ashtonbee Campus),43.73003601845614,-79.2920036521843,2025-07-29T03:42:29.068911+00:00Z,9,10,1,1,0
855,Chatham Ave / Byron Ave,43.6798678328407,-79.33424613862303,2025-07-29T03:42:28.934782+00:00Z,7,8,1,1,0
856,Niagara St / Portland St,43.6425791,-79.40011729999999,2025-07-29T03:42:28.933357+00:00Z,9,1,1,1,0
857,Carlaw Ave / Dundas St E,43.665076,-79.341509,2025-07-29T03:42:28.878185+00:00Z,13,2,1,1,1
858,Sunnybrook Health Centre - S Wing,43.720998,-79.377456,2025-07-29T03:42:28.932821+00:00Z,0,9,1,1,0
859,Tiago Ave / Westview Blvd,43.71101621552703,-79.30675743891624,2025-07-29T03:42:28.934809+00:00Z,4,11,1,1,0
860,Wynford Heights Cres / Concorde Pl,43.72749778259739,-79.32714222209015,2025-07-29T03:42:29.067878+00:00Z,3,7,1,1,0
861,High Park Subway Station,43.6543604,-79.4655296,2025-07-29T03:42:28.790192+00:00Z,1,10,1,1,0
862,Ward St / Wallace Ave,43.662857,-79.44618,2025-07-29T03:42:28.790352+00:00Z,2,12,1,1,0
863,Frederick St / The Esplanade,43.6487245,-79.36839,2025-07-29T03:42:28.791443+00:00Z,18,0,1,1,0
864,Avenue Rd / Cumberland St ,43.669821695059376,-79.39444614603269,2025-07-29T03:42:28.934539+00:00Z,0,15,1,1,0
865,Humber Bay Shores Park West,43.6224434,-79.480284,2025-07-29T03:42:28.790785+00:00Z,25,2,1,1,0
866,Centre Island Ferry Dock,43.622020652213855,-79.37888203400495,2025-07-29T03:42:29.216115+00:00Z,34,0,1,1,0
867,Yonge St / Montgomery Ave - SMART,43.70960859570095,-79.39915125005619,2025-07-29T03:42:28.932887+00:00Z,0,12,1,1,0
868,York St / Wellington St W (1) ,43.646734,-79.38301,2025-07-29T03:42:28.795349+00:00Z,2,18,1,1,0
869,Queen St E / Sackville St,43.6561111,-79.36138888888888,2025-07-29T03:42:28.788305+00:00Z,13,0,1,1,0
870,101 Cedarvale Ave,43.6868681,-79.3110942,2025-07-29T03:42:28.933253+00:00Z,2,21,1,1,2
871,Jane St / Yewtree Blvd,43.75531728502427,-79.51704708227844,2025-07-29T03:42:29.067771+00:00Z,9,5,1,1,0
872,Elizabeth St / Edward St (Bus Terminal),43.656026,-79.385327,2025-07-29T03:42:28.733372+00:00Z,3,8,1,1,0
873,Hubbard Blvd / Glen Manor Dr,43.668633,-79.291162,2025-07-29T03:42:28.790971+00:00Z,13,1,1,1,2
874,Widmer St / King St W,43.6463574,-79.391206,2025-07-29T03:42:28.933430+00:00Z,3,5,1,1,0
875,Woodbine Subway Station,43.686442,-79.313404,2025-07-29T03:42:28.792344+00:00Z,1,13,1,1,0
876,Lascelles Blvd / Eglinton Ave W,43.70547,-79.40355,2025-07-29T03:42:28.792113+00:00Z,6,11,1,1,1
877,91 Via Italia,43.67665014253828,-79.44503029755326,2025-07-29T03:42:28.794771+00:00Z,2,6,1,1,0
878,Sharpe St / Park St (Sandown Park),43.7105975,-79.2541175,2025-07-29T03:42:28.933643+00:00Z,9,4,1,1,6
879,Wellesley St E / Parliament St,43.6682342,-79.3702641,2025-07-29T03:42:28.933444+00:00Z,5,4,1,1,2
880,Glebe Rd W / Yonge St,43.7005976,-79.397345,2025-07-29T03:42:28.878692+00:00Z,1,16,1,1,0
881,Palmerston Blvd / Lennox St,43.66335070995886,-79.41312798316125,2025-07-29T03:42:29.068181+00:00Z,0,9,1,1,0
882,Eglinton Ave W / Henning Ave SMART,43.7063473,-79.40161,2025-07-29T03:42:28.791433+00:00Z,0,20,1,1,0
883,Caledonia Rd / Lotherton Pathway,43.70756436685646,-79.46571474966814,2025-07-29T03:42:28.934896+00:00Z,0,19,1,1,0
884,Eglinton Ave W / Scarlett Rd,43.6834703,-79.5108942,2025-07-29T03:42:28.878777+00:00Z,5,14,1,1,2
885,33 Queen St E,43.6523196075425,-79.37684857674785,2025-07-29T03:42:29.069660+00:00Z,1,26,1,1,0
886,Harvie Ave / Rogers Rd,43.68402031135697,-79.45297885330353,2025-07-29T03:42:28.934911+00:00Z,0,19,1,1,0
887,Lake Shore Blvd W / Twenty Fourth St,43.597082,-79.522768,2025-07-29T03:42:28.877947+00:00Z,11,5,1,1,0
888,Lawrence Ave W / Dufferin St,43.714317848363905,-79.45414485709222,2025-07-29T03:42:29.217082+00:00Z,0,15,1,1,0
889,Yonge St / Merton St ,43.6962750705313,-79.39629396191867,2025-07-29T03:42:28.934581+00:00Z,10,13,1,1,7
890,Hanlan's Point Beach,43.61904360581232,-79.39068832406288,2025-07-29T03:42:29.216209+00:00Z,0,47,1,1,0
891,Danforth Ave / Westlake Ave,43.687323,-79.304848,2025-07-29T03:42:28.734258+00:00Z,4,10,1,1,2
892,Erskine Ave / Yonge St SMART,43.7112153,-79.39894,2025-07-29T03:42:28.791724+00:00Z,7,9,1,1,0
893,Soho St / Queen St W,43.649649714291584,-79.39372141352654,2025-07-29T03:42:28.790169+00:00Z,1,8,1,1,0
894,Adelaide St E / Parliament St,43.65378337432506,-79.36335973372954,2025-07-29T03:42:29.068854+00:00Z,22,0,1,1,2
895,Church St / Bloor St E,43.671389,-79.382919,2025-07-29T03:42:28.733698+00:00Z,1,13,1,1,0
896,University Ave / Gerrard St W - SMART(South),43.65748153286412,-79.38921396018827,2025-07-29T03:42:29.068092+00:00Z,1,14,1,1,0
897,Liberty St / Fraser Ave Green P,43.637981,-79.424146,2025-07-29T03:42:28.788376+00:00Z,3,16,1,1,0
898,St. Clair Ave W / Avenue Rd ,43.68688938028234,-79.40099513147447,2025-07-29T03:42:28.934178+00:00Z,1,12,1,1,1
899,Bay St / King St W,43.64837534148549,-79.3799828091115,2025-07-29T03:42:29.216712+00:00Z,13,9,1,1,0
900,Robert St / Bloor St W - SMART,43.665846,-79.404998,2025-07-29T03:42:28.790474+00:00Z,2,13,1,1,0
901,Beverley St / College St,43.6575,-79.39527777777778,2025-07-29T03:42:28.789595+00:00Z,0,19,1,1,0
902,Duncan St / Adelaide St W - SMART,43.64813057569729,-79.38858106137695,2025-07-29T03:42:29.068433+00:00Z,7,5,1,1,0
903,Dentonia Park,43.694341,-79.291416,2025-07-29T03:42:28.792058+00:00Z,5,17,1,1,0
904,Blantyre Park,43.68306889999999,-79.279682,2025-07-29T03:42:28.734095+00:00Z,5,17,1,1,1
905,Ripley Ave / Ormskirk Ave,43.6390437,-79.4760109,2025-07-29T03:42:28.796237+00:00Z,22,1,1,1,1
906,College St / Huron St,43.658148,-79.398167,2025-07-29T03:42:28.733330+00:00Z,3,11,1,1,1
907,Bathurst St / Dundas St W,43.6518918789007,-79.40577861712723,2025-07-29T03:42:28.733742+00:00Z,2,22,1,1,1
908,Ontario Place Blvd / Lake Shore Blvd W,43.6322445,-79.4108105,2025-07-29T03:42:28.789658+00:00Z,20,4,1,1,0
909,Bartlett Parkette,43.6702236,-79.4360232,2025-07-29T03:42:28.796351+00:00Z,2,19,1,1,1
910,Jane St / Spenvalley Dr,43.740937072210514,-79.51338882645875,2025-07-29T03:42:29.217206+00:00Z,2,13,1,1,0
911,Queen St W / Cowan Ave,43.64089724173822,-79.43283582518329,2025-07-29T03:42:28.789995+00:00Z,15,0,1,1,1
912,Sumach St  / Queen St E,43.656638,-79.358749,2025-07-29T03:42:28.795628+00:00Z,18,0,1,1,0
913,Moore Park,43.693256,-79.383238,2025-07-29T03:42:28.878952+00:00Z,4,10,1,1,3
914,Queen St E / Woodward Ave,43.665269,-79.319796,2025-07-29T03:42:28.790881+00:00Z,15,4,1,1,0
915,Front St E / Bayview Avenue,43.6535,-79.354068,2025-07-29T03:42:28.878247+00:00Z,18,0,1,1,0
916,E.T Seton Park - South ,43.70503461857136,-79.33547292037659,2025-07-29T03:42:29.068223+00:00Z,5,18,1,1,0
917,St. Clair Ave W / Bathurst St,43.683296,-79.418734,2025-07-29T03:42:28.791364+00:00Z,4,15,1,1,2
918,The Pond Rd / Ian Macdonald Blvd,43.77086729028769,-79.49812990660705,2025-07-29T03:42:29.067735+00:00Z,9,6,1,1,0
919,Eglinton Ave E / Victoria Park Ave,43.72486103230542,-79.30351306295167,2025-07-29T03:42:29.069446+00:00Z,1,9,1,1,0
920,Logan Ave / Bain Ave,43.6720273,-79.3470557,2025-07-29T03:42:28.791129+00:00Z,17,1,1,1,2
921,Sterling Rd / Dundas St W,43.6508333333333,-79.4430555555556,2025-07-29T03:42:28.789802+00:00Z,4,15,1,1,0
922,Gould St / Yonge St (TMU),43.657424,-79.381019,2025-07-29T03:42:28.789614+00:00Z,2,16,1,1,0
923,406 Oakwood Ave,43.68827060022711,-79.43937767081853,2025-07-29T03:42:28.796267+00:00Z,1,17,1,1,1
924,Simcoe St / Queen St W,43.65049,-79.3873,2025-07-29T03:42:28.733539+00:00Z,0,35,1,1,0
925,Cherry Beach Sports Fields (55 Unwin Ave),43.6408346,-79.3429074,2025-07-29T03:42:28.791199+00:00Z,15,13,1,1,0
926,Galloway Rd / Kingston Rd ,43.76247244509665,-79.19469250674761,2025-07-29T03:42:29.216548+00:00Z,2,14,1,1,0
927,Warden Ave / Huntingwood Dr,43.78571682234873,-79.31081039604902,2025-07-29T03:42:29.216913+00:00Z,2,7,1,1,1
928,Brimley Rd / Lawrence Ave E ,43.75404854399297,-79.2553167552948,2025-07-29T03:42:29.068897+00:00Z,0,38,1,1,0
929,Church St / Cypress St,43.706385752681484,-79.51671697675717,2025-07-29T03:42:29.217138+00:00Z,0,15,1,1,0
930,Dundas St W / Roncesvalles Ave Green P -SMART,43.6534268,-79.4512787,2025-07-29T03:42:28.790275+00:00Z,0,12,1,1,0
931,Pottery Rd / Lower Don River Trail,43.688148,-79.362101,2025-07-29T03:42:28.795198+00:00Z,7,4,1,1,0
932,457 King St W,43.6452091,-79.3960744,2025-07-29T03:42:28.791021+00:00Z,5,12,1,1,0
933,Danforth Ave / Coxwell Ave,43.683378,-79.322961,2025-07-29T03:42:28.788025+00:00Z,14,1,1,1,5
934,Bloor St W / Brock Ave,43.6589882,-79.438715,2025-07-29T03:42:28.879738+00:00Z,0,10,1,1,0
935,Wells Hill Ave / St. Clair Ave W,43.683351,-79.41562,2025-07-29T03:42:28.791375+00:00Z,0,15,1,1,0
936,Bay St / Dundas St W,43.655350778457056,-79.38345966759798,2025-07-29T03:42:28.934625+00:00Z,1,52,1,1,0
